path,sha256,size_bytes
evaluate_with_config.r,f5f6067b3e8e425fa9f9b33e2acb02cfff3f7257ab8ae0054c3166590630d66d,10755
config/config.yaml,b2e27d9dbd0bc7ce6098ab1cb9c3d8a3e63c5ed183fb7448f87c76dde3f0c120,11510
rl/evaluate_rl.r,b8c87df0dc87e01018d24f3be67a385410af84d38853552f850d1158dcdd9aa0,22620
rl/rl_environment.r,4bb89fa2c53c42be2a7be782aee4da6c3c116c0be5305a9776010075b6c72bdb,32034
rl/policy_inference_server.py,e96d6be0b1507627279a0182c5c746aa03d6ee4f4b5e00d6736f244be5aac836,9119
rl/policy_inference_server_v2.py,25193c881fa5ac3c35832143717dfe960ac17682b63f87eacc798be641ef3765,8777
rl/recurrent_baselines.py,7d3a9d783b66e292cd94929b056eb875cc217a2610d27cc6c8d3721612132be6,39757
rl/action_projection.py,783091772bb70921b3b3cef2722f5de71334865f4e2b0db2db9a294ff2bed37f,3841
helper/load_data.r,1f920e53dd6930767f63c906c3b4cd2955bd4aa4e430737c3519ab5389425d05,11499
helper/time_split.r,6f80ff20b18e4f4316cdeb6e2e4798b0b8ad3da65a94c1e179435c838fd8a101,2527
helper/marginals.r,d434c4f79b086bff9d01ff45f863ff845c888d6d6042355855253688218c4d72,13589
benchmark_models/dynamic_vine_NN.r,a7d2485faace6e4a9d827b36d6a773dbe2667993a7c9c4236792187d6087e9f1,29244
publication_pipeline_draft/config/causal_analysis_contract_v1.json,fdc75f634ff187795b6469cd5830f0ca3931a6f8fe02936a494c0b81deeb3fd8,6573
publication_pipeline_draft/config/causal_analysis_contract_v2.json,bcf1b37cafd894241ca75b26f8a545029b28b14d834189b8db78b7d09557b25e,7437
publication_pipeline_draft/config/evaluation_contract.json,1053c96459afd305f2385572b406d460275dfd07f95503be40dbfb8b034fda92,1356
publication_pipeline_draft/extension_release.py,75362b2b2f332cea60c3a064a2731d5104954051c8f3fc6198315ccc0b27cf6d,3420
publication_pipeline_draft/causal_analysis_contract.py,c61ea13a95d664e4852131fe1a196f8fd817597a3ba2e6d35e6a7248bbd136b0,11397
publication_pipeline_draft/audit_causal_sweep.py,e88d824454fd4d947decca608fed59060e00ff9676bfe7c59c4d9ac3d5222e20,12122
publication_pipeline_draft/merge_causal_operational_retry.py,32cf237d0307661f7ea27d2b162c69a013369d010466046b4d8972f65d6d1a19,11443
publication_pipeline_draft/merge_causal_three_revision_retry.py,9a216081db06eaf29a133e8d2d38fc9fa1034c9caca9b95fc651f15766fc122a,13270
publication_pipeline_draft/generate_causal_policy_weights.py,ccfb30c0ed3459aaea883137fa81c42ce58fa0aec2aa3b8efdfeb1688d532bf0,10354
publication_pipeline_draft/assemble_causal_policy_ensembles.py,29a8358f2a9a62789f89e659d0e862c2e7fdad3b2f884f32d71420f3cbfcd898,8996
publication_pipeline_draft/materialize_causal_evaluation.py,00c6d771817595fffbd85e1125e92e1a7a3bac67944f3f645421be8e8c1d1274,16853
publication_pipeline_draft/causal_common_accounting.py,5bd4aae8cf62e6499db629b13bd4cd4534a58402e033227e6c890f8513838941,6457
publication_pipeline_draft/export_causal_period_panel.py,bad260cc6a87a313547a887344172450ec3a1684ed925798999452f75e9ffd30,5658
publication_pipeline_draft/analyze_causal_results.py,1b2a732c4385d5569e3842e1c36b5e3a091a3062a62d91a716d110067741d470,32755
publication_pipeline_draft/freeze_causal_analysis_plan.py,e2d006f585de6f1feccfd3de5de13ea27944e29462c5781e6d1016998b1b64f7,17300
publication_pipeline_draft/freeze_causal_results.py,29bc1c6f9097604cea27cdc0f65433e071ef781ba39c3490453697df54ac91d9,14931
hpc/finalize_causal_evaluation_v4.sh,9f7cd06ced495e785ec8a07d35c999b94356c6d349aebc852541afb561dc1298,10081
publication_pipeline_draft/CAUSAL_ANALYSIS_RUNBOOK.md,604d267c5513c9502d455612a816be34f8057e5f2ac3f18d645233c23b158081,10608
publication_pipeline_draft/PUBLICATION_EXTENSION_60_JOB_RETRY.md,906198a1e64aadee82485d029deb02d557de1fcf08412177c75ddca10dcfcdbf,6622
publication_pipeline_draft/PUBLICATION_EXTENSION_V4_GATE_RECOVERY.md,66bda7ecfdfbfde9a43cd5f346e125c40c2c434beacb7828665280861c4f34a9,4267
publication_pipeline_draft/V4_RETRY29_EVIDENCE.md,40d762bd584df3514450bd12031e8ea95413831a364126770905962a83f37d5b,2357
publication_pipeline_draft/publication_pipeline.py,9b6b87d37c99cd0f863d69e9fdf77bf78901f1f8dccc9984b972973199699716,80471
publication_pipeline_draft/tests/test_causal_analysis_framework.py,8db58025576478d6974b582ecb931767355fd0b1d4551a87f0cad8de520292b6,9945
publication_pipeline_draft/tests/test_causal_sweep_gate_policy.py,ea794e0008800b5410d3e0f13c53e3710c97e6e9d9564ee26d50a95aa9650fbb,2475
publication_pipeline_draft/tests/test_merge_causal_operational_retry.py,f572711e1e0ca394498082bc757cb0662b30c9ef583c710f72092d5d0276b7d1,1789
publication_pipeline_draft/tests/test_three_revision_retry_protocol.py,1ab7c776162eafcbd71e5a3b0c9a0fdfa021bb6b3e25c17037509efdad255282,1368
