"path","md5"
"/gabirel/copula-portfolio-clean/rl/action_projection.py","8e0ac2963237137c3a804605d77d5007"
"/gabirel/copula-portfolio-clean/rl/checkpoint_attestation.py","d1a0a9191170c7790f975f23d8c5984c"
"/gabirel/copula-portfolio-clean/rl/evaluate_rl.r","69b3843a09a3be9dbc0b69ddc8c1ce15"
"/gabirel/copula-portfolio-clean/rl/generate_ablation_training_bundles.r","1a52b053ff539dbad74502ba2ca1e23b"
"/gabirel/copula-portfolio-clean/rl/policy_inference_server.py","b0915b768cfd6d144332b1852fe58531"
"/gabirel/copula-portfolio-clean/rl/policy_inference_server_v2.py","ad0a9461f1cee25a5be2b71d0b0dec02"
"/gabirel/copula-portfolio-clean/rl/recurrent_baselines.py","12f75b57fa8726dd3b9899f1668e8a99"
"/gabirel/copula-portfolio-clean/rl/repair_no_vine_mode_markers.r","2417b81d88e678ed319e6e96a3a4a764"
"/gabirel/copula-portfolio-clean/rl/rl_environment.r","2db2b4fd556472959ce15d7272f065e7"
"/gabirel/copula-portfolio-clean/rl/run_seed_sweep.r","bc2a23870623d5f2cb6c484acc7e5214"
"/gabirel/copula-portfolio-clean/rl/synthetic_returns.r","f7481fc21f4709ddd12cff4d6cc3f80b"
"/gabirel/copula-portfolio-clean/rl/train_rl.r","315952d985fea9c1f9e8eeefdf8c2427"
"/gabirel/copula-portfolio-clean/rl/training_sanity_check.r","df8e1791b6d778f4eacc72aa7de480e7"
"/gabirel/copula-portfolio-clean/helper/import_data.py","6abc96c12a22103de587ec34dd355975"
"/gabirel/copula-portfolio-clean/helper/load_data.r","038077cb112fa987fc0fe8abb226b117"
"/gabirel/copula-portfolio-clean/helper/marginals.r","bc4fcd11793e9e3c734e9fda9f20475b"
"/gabirel/copula-portfolio-clean/helper/plotting.r","618ebb03d569a23279f0cb876bf34a15"
"/gabirel/copula-portfolio-clean/helper/reproducibility.r","6f07bea741709c31a64c215149cf8615"
"/gabirel/copula-portfolio-clean/helper/time_split.r","fc6cd67fb9de9f1e4b046da5da4e489b"
"/gabirel/copula-portfolio-clean/helper/timer.r","165b9653702eb6d9a6f2742868ccf8a5"
"/gabirel/copula-portfolio-clean/benchmark_models/DCC.r","b405919fa4f0a124441c953673b27b8e"
"/gabirel/copula-portfolio-clean/benchmark_models/Li_Ng.r","28d9b452fb7313c61b72a3a571845e13"
"/gabirel/copula-portfolio-clean/benchmark_models/dynamic_vine_NN.r","c8f63667aff768f5fab86209fe76b898"
"/gabirel/copula-portfolio-clean/benchmark_models/dynamic_vine_rolling_window.r","27c848636dd7a9720074cb5839b39344"
"/gabirel/copula-portfolio-clean/benchmark_models/expected_utility_multi.r","f0f8024b1056f760f8d4128096ac9895"
"/gabirel/copula-portfolio-clean/benchmark_models/expected_utility_single.r","f9fe3e6436c3484fec08582a8cddb33b"
"/gabirel/copula-portfolio-clean/benchmark_models/static_vine.r","7ac06f3a33d9d9e0fddbb9e5f2b461af"
"/gabirel/copula-portfolio-clean/eval/ablation.r","4943b4e7f84543d2b82156355d4450d4"
"/gabirel/copula-portfolio-clean/eval/benchmarks.r","83bc33fcd2b8cb990ac19800ce54a89f"
"/gabirel/copula-portfolio-clean/eval/research_protocol.r","f3bb1f81a6a44bc548bffd629c55c813"
"/gabirel/copula-portfolio-clean/eval/run_ablation_sensitivity.r","0a861ec63ef3fef03c7ebb2256876a2f"
"/gabirel/copula-portfolio-clean/eval/sensitivity.r","5944adb384a1a71487bff9dcc699c930"
"/gabirel/copula-portfolio-clean/eval/statistical_tests.r","a5309da6890df26ee0d06ed3561ea802"
"/gabirel/copula-portfolio-clean/config/ablation_manifest.csv","6e72f7407cd08828e1a5863d43ec40e5"
"/gabirel/copula-portfolio-clean/config/config.yaml","0f55597e67500a302438dae2d1818327"
"/gabirel/copula-portfolio-clean/config/no_vine_ablation_seeds.yaml","41e5bface732144b97e233b9c2c17711"
"/gabirel/copula-portfolio-clean/config/publication_schema5_seed_sweep.yaml","f08a7e4355bf5434c088cb11a3e769ea"
"/gabirel/copula-portfolio-clean/config/sensitivity_manifest.csv","82880d956013c6208590c99928730e36"
"/gabirel/copula-portfolio-clean/tests/check_embedded_python.py","27ca66921a63a8afb8909185912ca6ab"
"/gabirel/copula-portfolio-clean/tests/run_tests.r","97d082b9465f9c841fd8fc263d3200fd"
"/gabirel/copula-portfolio-clean/tests/test_extended_publication_benchmarks.r","6d5b620faf21f9f235fa86290cdc62bd"
"/gabirel/copula-portfolio-clean/tests/test_leverage_gate.py","fa7359fc5af038c247b045fc720aece5"
"/gabirel/copula-portfolio-clean/tests/test_policy_process_isolation.r","06465a9f4460cc39aea79ce4b3cec9b7"
"/gabirel/copula-portfolio-clean/tests/test_publication_benchmarks.r","1048c2a9a65c1653b8149d40af10a5b5"
"/gabirel/copula-portfolio-clean/evaluate_with_config.r","04a4dd23a7af79e602a50505b0f0b8de"
"/gabirel/copula-portfolio-clean/run_with_config.r","cbc997794bf1e2260856a5a073a6d92d"
