stage,pass,episode,reward,noise,terminal_wealth,mean_turnover,q95_turnover,mean_cvar,mean_gross_exposure,fraction_at_gross_cap,mean_short_notional,max_abs_weight,mean_leverage_gate,q95_leverage_gate,std_leverage_gate,mean_effective_leverage,gate_gross_mae,fraction_at_position_cap,mean_direction_entropy,total_actions,update_count
pretrain,,1,-0.17707009315154015,0.15,92633.34768853644,1.078454763788679,1.490231757439272,0.08128770953942697,1.23509950871535,0.0,0.11754975435767501,0.386190798665796,0.47019899512330693,0.6558659344911575,0.14910276842973386,0.47019901743070003,4.891660946674629e-08,0.0,1.13040030002594,24,0
pretrain,,2,0.043069629312554425,0.14702685651,116013.16696915062,0.8611607827426022,1.3312332421201443,0.07913270507866331,1.243434268715126,0.0,0.1217171343575631,0.39603456535509657,0.48686851281672716,0.8431939303874969,0.21714354548921863,0.4868685374302523,4.066775238786846e-08,0.0,1.1314273526271184,48,0
pretrain,,3,-0.13777295482370672,0.14411264356808084,96444.73834492326,1.1172447592705426,1.616733677429039,0.08409146255596706,1.2904160289936477,0.0,0.14520801449682386,0.4171391193355833,0.5808320337285598,0.8843868136405945,0.2240515996669399,0.5808320579872954,4.696526695324721e-08,0.0,1.1307958761850994,72,0
pretrain,,4,-0.22777285371988193,0.14125619311440663,89202.3178973024,0.9516253509164021,1.463851326470082,0.0889381261572106,1.2591854105703533,0.0,0.12959270528517666,0.36889123703752247,0.5183707876130939,0.7669083356857299,0.20859949689370136,0.5183708211407064,4.896095815813221e-08,0.0,1.1324777056773503,96,0
pretrain,,5,-0.2557482378558292,0.13845636024120475,86918.09097162988,0.5861661749105956,0.9659264141828651,0.08769980519554658,1.0882802843337966,0.0,0.04414014216689838,0.32537397422960823,0.17656055775781473,0.6398483678698536,0.20872969081877338,0.17656056866759348,4.390520706258153e-08,0.0,1.1457002758979797,120,0
pretrain,,6,0.030441736854347153,0.13571202273386987,115077.01293933498,0.5439811821018891,0.8888045632423636,0.08381248708892047,1.0500779411356365,0.0,0.025038970567818213,0.266986217881952,0.10015585304548343,0.11882304511964321,0.010891993560676615,0.10015588227127276,5.7475907459340427e-08,0.0,1.1492059081792831,144,17
pretrain,,7,0.23658369310641147,0.1330220806211636,153522.94290572955,0.42749664790309877,0.8337204045983162,0.09337322145985964,1.0515298871877825,0.0,0.025764943593891258,0.26560184040239876,0.10305976091573636,0.12242561429738998,0.013555058505634595,0.10305977437556497,4.2907361441635317e-08,0.0,1.1480346421400707,168,41
pretrain,,8,-0.07282430617300481,0.1303854557343298,102993.11450705079,0.5186145770494199,0.8874497903218884,0.08490467754283088,1.0506518066062458,0.0,0.025325903303122965,0.2529152965705309,0.10130360070616007,0.12963011935353277,0.01504592263440633,0.10130361321249175,4.3506068821604536e-08,0.0,1.148762861887614,192,65
pretrain,,9,0.14271299110645397,0.12780109127494843,133174.01284285233,0.39975389618060514,0.8677242444269645,0.08865813250616732,1.0492293232985372,0.0,0.024614661649268666,0.2512908004490393,0.09845863779385884,0.12161209471523761,0.014787123631178636,0.09845864659707464,4.2685618003209434e-08,0.0,1.1493210196495056,216,89
pretrain,,10,0.010418334524693429,0.12526795139135502,113309.77866813152,0.31828761236229663,0.4798675605186373,0.08920441842132705,1.0513979995601057,0.0,0.025698999780052845,0.2508712328438248,0.10279599359879892,0.12137988843023777,0.01327046011065204,0.10279599912021127,4.117776238506584e-08,0.0,1.1494068602720897,240,113
pretrain,,11,-0.07099247283469352,0.12278502076345608,103757.00026808999,0.4008261600861327,0.8095032389721389,0.08933506705002908,1.0525552276189305,0.0,0.026277613809465316,0.2508285815960595,0.10511042612294356,0.11982789784669876,0.01012710465111939,0.10511045523786121,5.332930458346041e-08,0.0,1.1491758674383163,264,137
pretrain,,12,0.10522681258431624,0.1203513041957735,127183.69685773588,0.4607856545123499,0.8101543070557621,0.09042407534449513,1.0538746487304924,0.0,0.02693732436524617,0.2597748863377741,0.10774928331375122,0.12743761129677295,0.013341616170377248,0.1077492974609846,4.3106930617634966e-08,0.0,1.1480378607908885,288,161
pretrain,,13,-0.39004060195354745,0.11796582621855568,77871.8130749575,0.46225866269947574,0.8254583221144532,0.08823241680092529,1.0545736066553564,0.0,0.02728680332767823,0.26674432227654116,0.10914718049267928,0.12362935394048691,0.014080540870109948,0.10914721331071288,5.7431558749450794e-08,0.0,1.147337019443512,312,185
pretrain,,14,-0.43744964154538696,0.11562763069679453,75205.58836442363,0.4133153516483537,0.8170562964176218,0.08980101759393126,1.05460570037498,0.0,0.02730285018749004,0.2637146940188748,0.10921138462920983,0.12154152877628803,0.009473973644523969,0.10921140074996012,4.210908499668875e-08,0.0,1.1460820585489273,336,209
pretrain,,15,0.02090541166782778,0.11333578044699254,114268.8894932712,0.5641856712140808,0.8146956159243559,0.08663812879042943,1.0520973086711907,0.0,0.026048654335595334,0.2606273893533009,0.10419461317360401,0.11844224743545055,0.00974146972121366,0.10419461734238124,3.734160042290213e-08,0.0,1.145863264799118,360,233
pretrain,,16,-0.5193533437267986,0.11108935686152556,70619.97692642613,0.4459497701126258,0.7791482184750876,0.08610285638057731,1.053094781735646,0.0,0.026547390867822956,0.27293023373931646,0.1061895377933979,0.11609211750328541,0.008449079312095367,0.10618956347129173,5.033576768361433e-08,0.0,1.1424211710691452,384,257
pretrain,,17,0.0844126213579458,0.10888745954045136,122526.74407498172,0.44920397350071434,0.7594272360215631,0.08286585725386783,1.054526464492526,0.0,0.027263232246263064,0.2772479155766112,0.10905290550241868,0.13189125694334505,0.012186286981656035,0.10905292898505213,4.432651965850335e-08,0.0,1.1394958595434825,408,281
pretrain,,18,-0.20289094841367328,0.1067292059306158,90901.77802531194,0.32617520563279956,0.4693820546201838,0.08566871283451453,1.054151003215728,0.0,0.02707550160786405,0.2805338946304151,0.10830200370401144,0.1216050662100315,0.009661490884111421,0.10830200643145615,5.727633833885193e-08,0.0,1.1375114619731903,432,305
pretrain,,19,0.13617834882094548,0.10461373097191261,130293.22652319238,0.4501634694385104,0.7233727770610126,0.08026837111697871,1.0559368991581282,0.0,0.027968449579063994,0.2962011325040034,0.11187379993498325,0.1317685566842556,0.012356717646082949,0.11187379831625595,4.574567787537139e-08,0.0,1.135170355439186,456,329
pretrain,,20,-0.08299103835533451,0.10254018675055424,101532.69176838393,0.4293223271215596,0.7439242691340422,0.08173882316292663,1.056245226523883,0.0,0.028122613261941654,0.29688095740441767,0.11249042736987273,0.1290380395948887,0.012320068788241868,0.11249045304776657,4.700961568164056e-08,0.0,1.132527271906535,480,353
pretrain,,21,-0.4379234115281676,0.1005077421592156,74027.75757152314,0.38184934027454015,0.732263877449386,0.07256563761231209,1.057148964687561,0.0,0.028574482343780516,0.29090365767478943,0.11429791090389092,0.12524936944246293,0.00885724381681943,0.114297929375122,4.955966563062001e-08,0.0,1.1345418443282445,504,377
pretrain,,22,0.1254680910417498,0.0985155825639138,127985.35568748112,0.36119146727336077,0.6873120979513138,0.07766043078395846,1.0591542131511407,0.0,0.029577106575570306,0.31617435919387,0.11830841874082883,0.13681419491767882,0.011051340709303246,0.11830842630228115,4.317345366396571e-08,0.0,1.1249585102001827,528,401
pretrain,,23,0.023832625770101465,0.09656290947749073,113276.62084957257,0.38283326304159065,0.603663463447145,0.07781056568304624,1.0599817486834668,0.0,0.02999087434173342,0.3238310318972383,0.11996347301950057,0.13786967545747755,0.010024050332216383,0.11996349736693358,5.326278150012224e-08,0.0,1.1245376865069072,552,425
pretrain,,24,0.1195776231076883,0.09464894023956766,126513.18846622348,0.31135553240403535,0.41897561177503373,0.07499245886063662,1.0593590162184443,0.0,0.029679508109222225,0.3216541656958205,0.11871800820032756,0.12954814434051512,0.00849851775718273,0.11871803243688882,5.1333613341567976e-08,0.0,1.1228335549434025,576,449
pretrain,,25,0.2758194778547719,0.09277290770284319,157739.22407932117,0.3039481487530532,0.41378461381018183,0.07518566238894274,1.0601916661973865,0.0,0.030095833098693275,0.32109717931598425,0.12038330268114805,0.13588421419262886,0.010732396471743594,0.1203833323947731,4.6388733965230244e-08,0.0,1.1228158871332805,600,473
pretrain,,26,0.099744623253206,0.09093405992560932,123115.22396210032,0.3884303700009932,0.6524736461597466,0.07334011981194967,1.061694944676544,0.0,0.03084747233827201,0.3342818299840603,0.12338985223323107,0.14188987165689468,0.010691425469140172,0.12338988935308799,5.938290133696474e-08,0.0,1.1189051121473312,624,497
pretrain,,27,0.1027720328594053,0.08913165987036202,123783.80992944834,0.31817901711624746,0.6357588064894518,0.07447322980701689,1.0635209413622284,0.0,0.031760470681114226,0.3312285233821187,0.1270418707281351,0.14260501861572264,0.009871490160493608,0.12704188272445688,3.692028784548403e-08,0.0,1.115962838133176,648,521
pretrain,,28,-0.06574628284126892,0.08736498510838561,102469.78676149828,0.31061182992910735,0.5924540647702827,0.074874056665709,1.0641487652679817,0.0,0.03207438263399084,0.33867866120168144,0.12829748820513487,0.13803357183933257,0.007998300077282002,0.12829753053596335,5.2575376774388616e-08,0.0,1.1147847324609756,672,545
pretrain,,29,0.1252133778149254,0.08563332753019265,127621.28475326732,0.3027329306168148,0.6186596087135581,0.07601522368007824,1.0653444345863092,0.0,0.03267221729315464,0.3548978344936456,0.13068885325143734,0.14448458477854728,0.009127226784650912,0.13068886917261852,4.9759234714101076e-08,0.0,1.1087914158900578,696,569
pretrain,,30,-0.07140710526913582,0.08393599306170312,101668.54231539452,0.24436320650980328,0.5437902801049328,0.0731822450987506,1.0686693663952784,0.0,0.03433468319763919,0.34886967896350796,0.13733872771263123,0.15260635316371918,0.01134920114069186,0.13733873279055672,4.113341373068735e-08,0.0,1.1075734893480937,720,593
pretrain,,31,-0.0761984781518607,0.0822723013860492,101570.8726389983,0.263986846522859,0.5504037333484966,0.07638688071314664,1.0682604252139019,0.0,0.0341302126069509,0.3525148757866451,0.13652084829906622,0.1575139947235584,0.010807116694383041,0.1365208504278035,5.344017628416964e-08,0.0,1.1067045082648594,744,617
pretrain,,32,0.024800155912938722,0.08064158567089418,112645.32189145798,0.328267746474667,0.583071520960548,0.07288141353959553,1.0708590250550991,0.0,0.03542951252754956,0.3546792478965861,0.14171804394572973,0.1515557698905468,0.007653940711863466,0.14171805011019825,3.711985689195766e-08,0.0,1.1031920065482457,768,641
pretrain,,33,-0.024793166834295853,0.07904319230115621,106531.8215831479,0.3040210045897586,0.5876304524696304,0.07175542068480105,1.069292276454646,0.0,0.034646138227322994,0.35900762650583473,0.1385845501596729,0.14909905418753625,0.007168547582260547,0.1385845529092919,3.636592902737471e-08,0.0,1.101440926392873,792,665
pretrain,,34,-0.04579986439607257,0.07747648061702953,104070.22692409086,0.29880330082308926,0.5872619813129415,0.07075854342190328,1.0733985892896143,0.0,0.03669929464480709,0.34061098045536453,0.14679717582960924,0.16169514507055283,0.009714607810540279,0.14679717857922825,4.452608881599929e-08,0.0,1.106679618358612,816,689
pretrain,,35,-0.16771085060752491,0.07594082265719863,92639.16606282548,0.28121168108798006,0.5573708542976601,0.07354484204921413,1.074502063316426,0.0,0.037251031658213064,0.3649493727300848,0.14900409057736397,0.16029296144843103,0.00795242562786868,0.1490041266328522,5.6367190082173835e-08,0.0,1.0992421209812164,840,713
pretrain,,36,0.2955814607233421,0.074435602907142,161170.46289490937,0.2150730308071019,0.5429929546591817,0.06996454666654188,1.0773383476106184,0.0,0.03866917380530921,0.36256805354995386,0.15467669628560543,0.16735057458281516,0.008352920481759783,0.1546766952212368,4.816268175019308e-08,0.0,1.1034845113754272,864,737
pretrain,,37,-0.03500129465891434,0.07296021805242471,105806.06514955107,0.2998345265485225,0.5449933216145407,0.07489657610136174,1.0804146368810463,0.0,0.040207318440523186,0.37569737753697807,0.1608292522529761,0.17688217386603355,0.010036510790752568,0.1608292737620927,5.565761100149539e-08,0.0,1.0957800298929214,888,761
pretrain,,38,0.06261895583408263,0.07151407673688105,117247.29294995383,0.2784682728404441,0.5100161904078633,0.07040240647093204,1.081462022826253,0.0,0.04073101141312649,0.3675974610128573,0.16292403948803744,0.179948715865612,0.011377235017145507,0.16292404565250593,4.723135912006645e-08,0.0,1.093207910656929,912,785
pretrain,,39,-0.08423871705069334,0.07009659932559026,100021.53709853943,0.3001380863979306,0.5236495053263714,0.07037836805117836,1.0829189868776925,0.0,0.04145949343884632,0.3706952599542481,0.16583796528478464,0.18297919780015945,0.0119636915494842,0.1658379737553852,4.244170019133501e-08,0.0,1.0920009166002274,936,809
pretrain,,40,0.00767255758434581,0.06870721767255014,109984.37975945875,0.29836380029504017,0.5807046465835944,0.0692561850780274,1.0901312214056296,0.0,0.04506561070281482,0.3800186855452401,0.18026242467264333,0.19600201100111006,0.010322607687046967,0.18026244281125922,5.1754925937489794e-08,0.0,1.0883620778719585,960,833
pretrain,,41,0.1078320599014646,0.06734537489295576,123816.23618489709,0.20944357396219407,0.33062547993052194,0.07043284945418356,1.0903980392918347,0.0,0.04519901964591729,0.37659779749810696,0.18079608554641405,0.19333547204732895,0.009126743831690712,0.18079607858366917,5.8407230052459624e-08,0.0,1.0866906146208446,984,857
pretrain,,42,0.26333520780537073,0.06601052513999177,153116.6104005081,0.23710525807463476,0.5274804272200598,0.06963982085705105,1.092646429426081,0.0,0.04632321471304059,0.38008180420313564,0.18529286918540797,0.20041387602686883,0.011287569311652645,0.1852928588521622,5.175492588197864e-08,0.0,1.0873137364784877,1008,881
pretrain,,43,0.07944471777687981,0.06470213338604877,119242.98273397573,0.23158681013077853,0.5057225497103752,0.06827625827395263,1.0953183011373595,0.0,0.047659150568679705,0.36748560757509297,0.19063660191992918,0.20567954257130622,0.010319122719555427,0.1906366022747187,4.789658956487012e-08,0.0,1.0890663762887318,1032,905
pretrain,,44,0.04837216330291035,0.06341967520827649,114726.74438206386,0.2701771706318006,0.5210233977569821,0.06665957748149777,1.100013796040522,0.0,0.05000689802026111,0.38685987517237663,0.20002755957345167,0.2145049586892128,0.010471124246855578,0.2000275920810444,6.683348189688114e-08,0.0,1.082977180679639,1056,929
pretrain,,45,0.1362618487547404,0.06216263657838714,128344.44333888989,0.2412320902514782,0.32706414493131514,0.07048735372899227,1.103417403419458,0.0,0.051708701709728876,0.3896297833749226,0.20683479122817516,0.22151171788573265,0.011503269060789406,0.2068348068389155,3.8051179448069426e-08,0.0,1.0828057030836742,1080,953
pretrain,,46,0.18330775255145587,0.06093051365662535,136368.22313129448,0.2526783177603978,0.5762849415641398,0.06948631658560732,1.1082735195578564,0.0,0.0541367597789282,0.3917054406234196,0.21654701853791872,0.23678744584321973,0.01078690089371338,0.2165470391157128,6.24429612091267e-08,0.0,1.0795996735493343,1104,977
pretrain,,47,0.07154151617546958,0.059722812589821664,117991.94616945564,0.2549772901248653,0.5193902931321478,0.06745250950067762,1.1104883762919122,0.0,0.05524418814595613,0.38747254652636387,0.22097675936917463,0.23960935473442077,0.011384700390989157,0.22097675258382443,4.0933844628702566e-08,0.0,1.0813753604888916,1128,1001
pretrain,,48,-0.11290369822544474,0.05853904931344888,97043.06236739573,0.30823992583111814,0.5002627817145445,0.06869444348248485,1.1149561033096342,0.0,0.05747805165481711,0.40139347235006945,0.22991218914588293,0.2453046351671219,0.010578523249235026,0.2299122066192684,4.266344364826461e-08,0.0,1.0744740416606267,1152,1025
pretrain,,49,-0.03445289037025818,0.05737874935760175,105057.3002452012,0.23951376516453168,0.4333053376403654,0.06882615386153476,1.1199717485079808,0.0,0.059985874253990414,0.40390714204737116,0.23994349812467894,0.2598769828677177,0.010846749798799765,0.23994349701596154,4.838442520712268e-08,0.0,1.0738577743371327,1176,1049
pretrain,,50,0.19380036211561552,0.056241447656822444,137683.70298654304,0.2339760967959977,0.36349055837687433,0.06658105529627888,1.1244091333023138,0.0,0.062204566651156985,0.40736585270081244,0.24881824354330698,0.26472594141960143,0.0112326723273604,0.24881826660462789,5.2774945894877114e-08,0.0,1.0713366468747456,1200,1073
pretrain,,51,0.04314418248534277,0.05512668836369539,113978.91262578295,0.2507632208185004,0.3687623102886588,0.06625045378441831,1.1276317217963792,0.0,0.06381586089818962,0.413412282243371,0.25526344031095505,0.27082960307598114,0.010885562358264985,0.2552634435927584,5.2774945894877114e-08,0.0,1.073085993528366,1224,1097
pretrain,,52,0.00891951014767332,0.054034024666136854,109794.55449168631,0.3013066556342669,0.549581228101612,0.06690708910496658,1.1329541836333061,0.0,0.06647709181665311,0.41167172470263075,0.2659083406130473,0.28220887929201127,0.010594890692948004,0.2659083672666123,5.5391518834676155e-08,0.0,1.0667862792809804,1248,1121
pretrain,,53,-0.08863954571591304,0.052963018608306024,98969.53735205483,0.21282296302238288,0.310960346263482,0.06518969026393985,1.1413516063420543,0.0,0.07067580317102728,0.4142071636659758,0.2827032121519248,0.3023494392633438,0.011496675781011725,0.2827032126841091,3.193105964823436e-08,0.0,1.0647373696168263,1272,1145
pretrain,,54,0.1672518295455481,0.05191324091506579,132758.45020192338,0.1718573911241675,0.3232741790857172,0.06625037491001617,1.1462437244398254,0.0,0.07312186221991268,0.4142977318593434,0.2924874350428581,0.3069521576166153,0.01319704572606395,0.29248744887965067,6.031422383756535e-08,0.0,1.0655769060055416,1296,1169
pretrain,,55,-0.0653285413956646,0.05088427081992293,101333.81910784934,0.2732203050551773,0.49499484021212464,0.06540930571717647,1.1496980474995715,0.0,0.07484902374978579,0.42350160969155176,0.2993960852424304,0.3128155693411827,0.011342562399598445,0.299396094999143,4.239735146294166e-08,0.0,1.0623297691345215,1320,1193
pretrain,,56,0.1946074232403472,0.04987569589637859,137658.90019297742,0.22368161489988125,0.3244957870752852,0.0657994526391233,1.1595129718383153,0.0,0.0797564859191577,0.418688954519374,0.3190259337425232,0.33816497027873993,0.014432826415202462,0.3190259436766307,4.505827316814148e-08,0.0,1.061070556441943,1344,1217
pretrain,,57,0.10482485623668666,0.04888711189262167,123053.57263174119,0.28099399202915815,0.48437973245297344,0.06876747090741599,1.1663339864019127,0.0,0.08316699320095637,0.42473640452538214,0.3326679704089959,0.3516350969672203,0.012490912145474509,0.3326679728038254,3.91155481338501e-08,0.0,1.0588015119234722,1368,1241
pretrain,,58,0.0651670060228466,0.047918122569498664,117009.31687034757,0.28178281580010595,0.34922299643899446,0.06683349571446666,1.1722543058207346,0.0,0.08612715291036739,0.4297304680304868,0.3445085970064004,0.36314595937728883,0.014259444095782066,0.34450861164146945,5.987073694220986e-08,0.0,1.0555971960226695,1392,1265
pretrain,,59,-0.06901123339838852,0.04696833954169515,100761.05588301473,0.18059921948070093,0.3193797313241858,0.063803590917957,1.1813511319369787,0.0,0.09067556596848937,0.4266953415104321,0.36270224799712497,0.38531235605478287,0.013193212536924173,0.36270226387395743,4.585654961308805e-08,0.0,1.0535680055618286,1416,1289
pretrain,,60,0.17915370863899993,0.046037382122065144,134028.01697772663,0.24822167766252234,0.3378127413044384,0.062278027761791456,1.1890086353800837,0.0,0.09450431769004182,0.427857480943203,0.37801726162433624,0.3950233981013298,0.015026652997025911,0.3780172707601672,4.8340076534240474e-08,0.0,1.0510480850934982,1440,1313
pretrain,,61,-0.19050167437749455,0.045124877169046076,90204.61406581523,0.17463865357744746,0.36971637182670325,0.0682591106752933,1.1934461011773063,0.0,0.09672305058865323,0.43518843980772154,0.3868921895821889,0.4069888651371002,0.015215990422606133,0.3868922023546128,4.9670537294321804e-08,0.0,1.051878829797109,1464,1337
pretrain,,62,-0.176863797910387,0.04423045893709808,91313.1333182614,0.23903797794480017,0.44082658683339637,0.06810923216282934,1.204384686292282,0.0,0.1021923431461411,0.4403433879571302,0.40876933683951694,0.42792235165834425,0.013525633246831571,0.4087693725845643,6.075771076992827e-08,0.0,1.0483353088299434,1488,1361
pretrain,,63,0.19629130104786782,0.043353768930107776,137577.22993811677,0.2605489107140709,0.6390124008035193,0.06403685941681338,1.2096941008986462,0.0,0.10484705044932312,0.44366516758288654,0.41938817873597145,0.4379438489675522,0.012538776157671292,0.4193882017972923,4.87835634666034e-08,0.0,1.044223740696907,1512,1385
pretrain,,64,0.11527291150421874,0.042494455757697676,123626.3699361558,0.291649418690493,0.6513147948828306,0.06319847955145903,1.220786136175905,0.0,0.1103930680879525,0.4427154010960034,0.44157223279277485,0.458997942507267,0.013461026284091642,0.4415722723518099,6.403951421004213e-08,0.0,1.0421294470628102,1536,1409
pretrain,,65,0.11578545622110448,0.04165217499438373,123644.62320666591,0.2684800379389373,0.40572661603078286,0.06287087041250759,1.2307657139109713,0.0,0.11538285695548571,0.44613930423344883,0.4615314031640689,0.48170436322689053,0.014169870914750221,0.4615314278219427,5.534717018029767e-08,0.0,1.0384894609451294,1560,1433
pretrain,,66,0.08957226402497971,0.04082658904152444,119603.32637125922,0.2685418249941571,0.43168692213481297,0.06194215713582419,1.2393220053719622,0.0,0.11966100268598116,0.4501275734177657,0.4786439848442872,0.5030857786536217,0.013564326673225248,0.47864401074392454,5.658893359461459e-08,0.0,1.0371772001187007,1584,1457
pretrain,,67,-0.06813625711317021,0.040017366992006344,100964.60802529193,0.26779324159568335,0.3901288111171848,0.06474181622029973,1.248699092838381,0.0,0.12434954641919053,0.4576144835778645,0.4973981777826945,0.5199226796627044,0.016118192012395324,0.49739818567676203,5.614544664374795e-08,0.0,1.0357515613238018,1608,1481
pretrain,,68,0.003076714510084899,0.03922418449761152,109361.50050828527,0.1757620113231609,0.31089002480462763,0.06877059378666685,1.2584181072279101,0.0,0.12920905361395507,0.455527480159487,0.5168361961841583,0.5376421421766281,0.01311314049536808,0.5168362144558202,4.4171299284911925e-08,0.0,1.0336248477300007,1632,1505
pretrain,,69,-0.01863873207790919,0.03844672363901396,106591.70811284467,0.2073178332238329,0.3732919920204569,0.06706621113690032,1.2604700383242398,0.0,0.13023501916211988,0.4590952375105449,0.5209400566915671,0.5523448884487152,0.027396360229635944,0.5209400766484795,5.7209815311024905e-08,0.0,1.036313330133756,1656,1529
pretrain,,70,0.0791414581689215,0.037684672798352865,118367.61011551344,0.23823297604863738,0.3941261156627479,0.06336069500078689,1.277038551334824,0.0,0.13851927566741196,0.46573833376169205,0.5540770962834358,0.5736614555120468,0.013048249521381849,0.5540771026696478,5.144448511629207e-08,0.0,1.0267219891150792,1680,1553
pretrain,,71,0.09469633544554193,0.036937726534331514,120497.40638655786,0.3066407978886289,0.4849233052759607,0.06284190287817033,1.283102955624816,0.0,0.14155147781240798,0.4680148458906582,0.5662058790524801,0.5928927928209304,0.023139356517803033,0.5662059112496319,5.242015634528604e-08,0.0,1.028248017032941,1704,1577
pretrain,,72,0.2003189764209274,0.036205585459791856,138085.25176208964,0.2440431338255911,0.44921148402260846,0.06290893570735202,1.2942884258393732,0.0,0.14714421291968655,0.4684185428278787,0.5885768110553423,0.6072628796100616,0.016565206288624113,0.5885768516787461,5.7653302261891547e-08,0.0,1.0243700792392094,1728,1601
pretrain,,73,0.037525905370841245,0.035487956121715736,113075.77474188518,0.23802280870483106,0.3886257635818895,0.06509281010417078,1.300161115292992,0.0,0.15008055764649597,0.4767619775874274,0.6003222043315569,0.6248218268156052,0.021123331810246435,0.6003222305859838,6.031422385606906e-08,0.0,1.0254788001378377,1752,1625
pretrain,,74,-0.15918875509499947,0.0347845508836045,92423.30887824803,0.2835845154370161,0.4813946711534233,0.06434217773766619,1.3134441667546828,0.0,0.15672208337734145,0.47659207029002054,0.6268883273005486,0.6455501407384873,0.015787561895218644,0.6268883335093657,6.084640826372241e-08,0.0,1.0243133008480072,1776,1649
pretrain,,75,-0.07188530684364643,0.03409508781019008,100784.09786348508,0.20570672115405042,0.4221288606675981,0.06638773571069129,1.3206882147739332,0.0,0.16034410738696658,0.4774200000933238,0.641376405954361,0.6589965134859085,0.01278747450089477,0.6413764295478662,5.7298512693796745e-08,0.0,1.0246220827102661,1800,1673
pretrain,,76,-0.08550577136239107,0.03341929055443111,99282.31657246569,0.20160500911669846,0.4604786393168862,0.06523088150653582,1.3315486729677235,0.0,0.16577433648386172,0.4820585697889328,0.6630973319212595,0.6828549206256866,0.013310274975012895,0.6630973459354469,5.658893357611087e-08,0.0,1.0222888042529423,1824,1697
pretrain,,77,-0.15160771414909788,0.03275688824674894,93441.93689725758,0.19134201445574503,0.4703981127434854,0.06785368190980447,1.3386155773131618,0.0,0.16930778865658103,0.4861357116273471,0.6772311429182688,0.6940858244895936,0.01402361565410431,0.6772311546263241,5.924985518879211e-08,0.0,1.0237255642811458,1848,1721
pretrain,,78,-0.08268629553383432,0.03210761538645908,99293.3795914721,0.21055988285748484,0.5180427380690277,0.06297483739431341,1.3388745464561949,0.0,0.16943727322809754,0.4866322821804455,0.6777490948637327,0.7003682255744934,0.01909809451337763,0.6777490929123902,5.020272172047887e-08,0.0,1.0264112949371338,1872,1745
pretrain,,79,0.15253145183163866,0.03147121173535458,129899.70734556497,0.2014806922694039,0.383248170604064,0.06470322757547337,1.3559807768712442,0.0,0.17799038843562207,0.4886593690940312,0.7119615425666174,0.729381400346756,0.01123130368894554,0.7119615537424883,6.120119775780235e-08,0.0,1.0231759150822957,1896,1769
pretrain,,80,0.078383554325601,0.030847422213398704,118348.2110196701,0.17348698109118646,0.4186124280163197,0.06387688157480424,1.3606476803265866,0.0,0.18032384016329336,0.49372017915759764,0.7212953443328539,0.7368501931428909,0.018598151242800037,0.7212953606531735,5.392801196342963e-08,0.0,1.0234440515438716,1920,1793
pretrain,,81,-0.109572059349101,0.030235996796485053,97366.88121489497,0.31561687025821694,0.4525166749885842,0.06877399174601675,1.3653012657804149,0.0,0.18265063289020747,0.4976088979414531,0.7306025226910909,0.7494721174240112,0.016051677950180553,0.7306025315608298,5.073490590608761e-08,0.0,1.0285495966672897,1944,1817
pretrain,,82,0.2260551240391081,0.02963669041622418,144868.79108815314,0.17429697244912537,0.38971516594362443,0.06972089743118944,1.3739160797780468,0.0,0.18695803988902346,0.4981966593435832,0.7478321517507235,0.7626364886760711,0.014868735923527212,0.7478321595560936,4.8606168645548564e-08,0.0,1.0296149005492528,1968,1841
pretrain,,83,-0.19276720190549534,0.029049262861716562,89966.88789848123,0.21481301585315582,0.5189188799520842,0.06770595746908692,1.3745059600720804,0.0,0.18725298003604016,0.5032083977546011,0.7490119015177091,0.7640209138393402,0.02038061553260489,0.7490119201441606,6.581346195799753e-08,0.0,1.0340977311134338,1992,1865
pretrain,,84,0.025167434312491285,0.028473478683272487,111907.4617111018,0.27447435769583856,0.5110768118675014,0.06769758602632517,1.3845204628471814,0.0,0.19226023142359092,0.5028030308229583,0.7690409123897552,0.7835946947336196,0.012066853345787066,0.7690409256943633,4.984793209687292e-08,0.0,1.0334421296914418,2016,1889
pretrain,,85,0.12270779563569767,0.027909107098040314,125728.55550211361,0.23543632573933912,0.61215794710468,0.06827328370798277,1.3890815991908312,0.0,0.1945407995954156,0.5049576237797737,0.7781631921728452,0.7909575581550599,0.016449955619809026,0.7781631983816624,4.488087836559037e-08,0.0,1.0344072232643764,2040,1913
pretrain,,86,-0.049217895178063735,0.027355921897505308,103808.8433613994,0.21324228004222198,0.5094958806803923,0.07159069050817264,1.3892097402186618,0.0,0.19460487010933103,0.5056310806955611,0.7784194325407346,0.8012955814599991,0.0171087269952209,0.778419480437324,5.605674920546496e-08,0.0,1.0440277208884556,2064,1937
pretrain,,87,0.01608074163499407,0.026813701356821863,111798.3784981019,0.1917766425279689,0.5343032038798753,0.07454325212203645,1.3943332199539455,0.0,0.19716660997697288,0.5100206743393625,0.7886664420366287,0.8064961194992065,0.01711636321674469,0.7886664399078912,5.038011641200768e-08,0.0,1.0443138579527538,2088,1961
pretrain,,88,-0.33498059138415726,0.026282228145942933,80559.38838198317,0.20320237883241524,0.46020337031137365,0.07805028579194706,1.3915055391511746,0.0,0.19575276957558732,0.5090279547231538,0.7830110713839531,0.8066458463668823,0.01568948040408991,0.7830110783023493,5.871767094767222e-08,0.0,1.0504211237033207,2112,1985
pretrain,,89,-0.0857775549526174,0.0257612892425109,100169.99166819059,0.2094720534286192,0.4671709818088688,0.07289548901811592,1.404252101001995,0.0,0.20212605050099752,0.5137144305876322,0.8085041989882787,0.820815023779869,0.016552759192504412,0.8085042020039898,5.8362881342569985e-08,0.0,1.0464547922213872,2136,2009
pretrain,,90,-0.23530246401320534,0.025250675846475043,87291.57244192394,0.1886982681468963,0.43770889075031444,0.07476375158577726,1.4028506899873416,0.0,0.2014253449936708,0.5153110069887978,0.8057013576229414,0.8223811000585556,0.013460019545857951,0.8057013799746832,5.1799274628875715e-08,0.0,1.0513799885908763,2160,2033
pretrain,,91,-0.06639872721301035,0.02475018329640139,102609.08029945567,0.2540342826651262,0.4617706037616016,0.07652175782379804,1.3923137038946152,0.0,0.1961568519473076,0.5145815004195486,0.7846273904045423,0.8177272945642471,0.02776274917142749,0.7846274077892302,5.5347170198801386e-08,0.0,1.0579745471477509,2184,2057
pretrain,,92,0.1959928108845351,0.024259610987441373,139544.08986422533,0.1819054444878987,0.4522608293645794,0.07282316925351155,1.4000135109360727,0.0,0.20000675546803648,0.5162229548607553,0.8000270227591196,0.8185263097286224,0.016105891137816127,0.8000270218721459,5.126709029523724e-08,0.0,1.0575918108224869,2208,2081
pretrain,,93,-0.17207431872084553,0.023778762290926413,92926.53523950085,0.21002275484381916,0.446984239423861,0.07996285685017383,1.391085646869171,0.0,0.19554282343458565,0.5183370783925056,0.7821712444225947,0.8131120800971985,0.023118589417503412,0.7821712937383424,7.166748957250964e-08,0.0,1.0628681381543477,2232,2105
pretrain,,94,-0.1284249747922685,0.02330744447555624,96763.87042192517,0.2149006774659277,0.5383638993826909,0.07915116804089,1.396169503618564,0.0,0.19808475180928198,0.518703889633928,0.7923389921585718,0.8230627745389938,0.02811211053787513,0.7923390072371278,5.4105406691965875e-08,0.0,1.0628879467646282,2256,2129
pretrain,,95,-0.2824450883112045,0.02284546863014933,84354.4921944356,0.20445177296600617,0.49541904857794133,0.08080980612236804,1.3904080859252386,0.0,0.19520404296261926,0.5198035250817026,0.7808161526918411,0.8158925294876098,0.03140909414190439,0.780816171850477,5.88950657132159e-08,0.0,1.064255287249883,2280,2153
pretrain,,96,-0.19464414214647363,0.022392649587924477,91456.00435005923,0.17506892593694734,0.43090984216641603,0.08435185062213905,1.3946447107231332,0.0,0.1973223553615667,0.521128308560167,0.7892894049485525,0.8242362439632416,0.02835363560345775,0.7892894214462666,6.19107768569845e-08,0.0,1.0650905966758728,2304,2177
pretrain,,97,-0.2817737949188767,0.02194880585228322,84428.906030209,0.17934336730179187,0.5396745722209895,0.08112110403129698,1.3963140590737264,0.0,0.19815702953686318,0.5220254021031516,0.7926280945539474,0.8351026862859726,0.0341964047047737,0.7926281181474527,6.262035597467037e-08,0.0,1.0652263561884563,2328,2201
pretrain,,98,0.13748487598782633,0.021513759524063286,130526.09042454122,0.126292053693795,0.17407400062490772,0.0803206408033575,1.3871047385923918,0.0,0.193552369296196,0.5201175298009599,0.7742094869414965,0.8038547426462174,0.02663870424394576,0.774209477184784,5.339582757428e-08,0.0,1.0679319947957993,2352,2225
pretrain,,99,-0.1515631637849063,0.02108733623023399,94936.51806669134,0.17894137781438665,0.45250536264144714,0.08185642797161101,1.3879697300671114,0.0,0.1939848650335556,0.5222798000488962,0.7759394397338232,0.8157317578792572,0.034751732257680606,0.7759394601342224,5.7653302150869244e-08,0.0,1.0656936665376027,2376,2249
pretrain,,100,0.0010038968949890262,0.020669365054004914,111155.55579736213,0.20072499982439695,0.5042714448043457,0.08279663426637938,1.3966758122578973,0.0,0.19833790612894867,0.52349525477205,0.7933515956004461,0.8254252851009369,0.027605478477703074,0.7933516245157946,5.37506171423748e-08,0.0,1.0648145377635956,2400,2273
finetune_selection,1,1,-0.006173986520995562,0.05,110124.63308672974,0.2040883815450338,0.4856529577082257,0.08175994767770346,1.4049409421249515,0.0,0.20247047106247576,0.5277537096823965,0.8098818610111872,0.844410952925682,0.02297534692215733,0.8098818842499028,6.049161860310903e-08,0.0,1.0637280990680058,2424,2273
finetune_selection,1,2,-0.1552240738568734,0.04975,94757.78056459893,0.3028743906675359,0.49269729826445297,0.08325146878939817,1.3945062060263895,0.0,0.19725310301319476,0.5249623102801186,0.7890123724937439,0.8295994907617569,0.034111542559548784,0.7890124120527787,7.184488433805332e-08,0.0,1.0643709897994995,2448,2273
finetune_selection,1,3,-0.10194729186323934,0.049501250000000004,99871.96635065241,0.20440386582530476,0.43977018688850905,0.08388776167227496,1.4045911592741807,0.0,0.20229557963709036,0.5254296692354339,0.8091822763284048,0.8394176810979843,0.03686395053786168,0.8091823185483613,7.450580589522342e-08,0.0,1.0644797782103221,2472,2282
finetune_selection,1,4,-0.09392467337964289,0.04925374375,100719.0255122728,0.1807529389010193,0.4623463916713193,0.0842196648453194,1.3890924734906074,0.0,0.1945462367453036,0.5244778916239738,0.7781849180658659,0.8156404882669449,0.03168567539279999,0.7781849469812142,6.545867237139902e-08,0.0,1.0637730608383815,2496,2306
finetune_selection,1,5,-0.048035816081377185,0.04900747503125,105362.81358831626,0.263121691211003,0.4954064066172228,0.08244529836676773,1.3885852202240911,0.0,0.19429261011204554,0.524120150932244,0.7771704246600469,0.8159611701965332,0.043297126274121356,0.7771704404481818,5.37506171423748e-08,0.0,1.062527358531952,2520,2330
finetune_selection,1,6,-0.13893288026513137,0.048762437656093754,96326.19302769123,0.2905646191746421,0.5032964888366007,0.08399470733099128,1.3990835132343429,0.0,0.19954175661717144,0.5254170937197549,0.7981670026977857,0.8302988916635513,0.02493709067252048,0.7981670264686856,5.357322239533483e-08,0.0,1.061473732193311,2544,2354
finetune_selection,1,7,-0.03868943419796993,0.048518625467813284,106634.06957994128,0.2896680214043929,0.5020095850598972,0.08408570732131926,1.3991250161613735,0.0,0.19956250808068687,0.5240138726575034,0.7982500245173773,0.836108511686325,0.03768224885903972,0.7982500323227474,5.8185486632537455e-08,0.0,1.0613303780555725,2568,2378
finetune_selection,1,8,-0.056922437701089776,0.048276032340474215,104451.13404673898,0.2689378010460597,0.47099891630410934,0.08294745761744118,1.3995206172444992,0.0,0.19976030862224955,0.5263126992753573,0.7990412140885989,0.8241623759269714,0.02329373138328456,0.7990412344889982,4.6300036563954684e-08,0.0,1.0586304515600204,2592,2402
finetune_selection,1,9,-0.050146626728438906,0.04803465217877184,105455.10520829423,0.22593296354894163,0.4353847095595431,0.08489649840851456,1.3979592388052318,0.0,0.1989796194026158,0.5272108178053583,0.7959184472759565,0.8257586687803268,0.024072419531781537,0.7959184776104631,4.310693059913125e-08,0.0,1.0565578142801921,2616,2426
finetune_selection,1,10,-0.018109212201169927,0.04779447891787798,108899.23431527837,0.316445326411646,0.505602280066861,0.08319092512751068,1.3941688137572434,0.0,0.1970844068786218,0.5245850160717964,0.7883376131455103,0.8192096054553986,0.038523974608123505,0.7883376275144872,5.729851265678931e-08,0.0,1.0551029096047084,2640,2450
finetune_selection,1,11,0.039315730179380774,0.0475555065232886,116319.39328850854,0.24662122939964667,0.4992179078053438,0.08415199933036942,1.3962023488822437,0.0,0.19810117444112188,0.5254991086465972,0.7924046739935875,0.8264855712652206,0.03424146927188867,0.7924046977644874,6.350732987640366e-08,0.0,1.0553621103366215,2664,2474
finetune_selection,1,12,-0.04820139374569527,0.04731772899067215,105833.40275485805,0.28944458740070234,0.4588989763529503,0.08610010314843446,1.3967258023718994,0.0,0.19836290118594965,0.5261291850890433,0.7934515823920568,0.8213472723960876,0.03584097716014453,0.7934516047437986,5.6411538829070906e-08,0.0,1.0522969762484233,2688,2498
finetune_selection,1,13,-0.054345866095771064,0.04708114034571879,105391.83921865291,0.28720984854361337,0.4643216402428335,0.08792149755026503,1.3978148840722584,0.0,0.1989074420361292,0.5257355496287346,0.7956297521789869,0.8319807648658752,0.03513976934008573,0.7956297681445167,5.038011646751883e-08,0.0,1.0499550451834996,2712,2522
finetune_selection,1,14,-0.011713456715737994,0.046845734643990194,109848.19906544978,0.2604538506801169,0.4990012976173054,0.08447188396681783,1.3910651783503238,0.0,0.1955325891751619,0.5252587284360613,0.7821303357680639,0.8231983751058578,0.04065170516944776,0.7821303567006476,6.634564629163601e-08,0.0,1.048384040594101,2736,2546
finetune_selection,1,15,0.06638364639596561,0.046611505970770246,120968.32962311918,0.3161300096108048,0.49375730195488876,0.08912808587046588,1.3928663002415782,0.0,0.1964331501207891,0.5246841939432281,0.7857326045632362,0.8218747675418854,0.04172945897894725,0.7857326004831564,5.268624845659412e-08,0.0,1.0476538042227428,2760,2570
finetune_selection,1,16,-0.06844342941474552,0.046378448440916396,103537.8041858986,0.2652226324411387,0.42518336813307456,0.08551052650117329,1.3822254729235455,0.0,0.19111273646177282,0.5220982304641179,0.7644509250919024,0.7999358028173447,0.026608951351449087,0.7644509458470911,5.800809181148262e-08,0.0,1.0441925277312596,2784,2594
finetune_selection,1,17,0.01644099305033788,0.04614655619871181,113800.57304371061,0.27021586761863187,0.5104505624952749,0.08735734140073527,1.4001741735708146,0.0,0.2000870867854073,0.5257905679089683,0.800348329047362,0.8341873943805694,0.03381044636839909,0.8003483471416292,3.902685073257454e-08,0.0,1.0455490599075954,2808,2618
finetune_selection,1,18,0.03128106473301089,0.04591582341771825,115773.60450689301,0.3131136948582351,0.4873690321973821,0.08747016027312855,1.3959575513643878,0.0,0.1979787756821939,0.5261576133114951,0.7919150789578756,0.8266397714614868,0.04373826120306661,0.7919151027287755,6.811959405809513e-08,0.0,1.0449184775352478,2832,2642
finetune_selection,1,19,0.20522698213406493,0.04568624430062966,145813.10079262278,0.3252953206443155,0.4939478865159211,0.0908029872657507,1.3972727745948805,0.0,0.19863638729744015,0.5265658998063631,0.7945455188552538,0.8334645360708236,0.041757308749460244,0.7945455491897603,4.488087831007922e-08,0.0,1.0443105548620224,2856,2666
finetune_selection,1,20,-0.09025488795303335,0.04545781307912651,101318.01813912608,0.2530267739356871,0.429785724097809,0.086053010001387,1.3905688485219365,0.0,0.19528442426096826,0.5241340430719512,0.7811376998821894,0.812285178899765,0.031132190413436612,0.7811376970438729,5.7475907496347865e-08,0.0,1.038821816444397,2880,2690
finetune_selection,1,21,0.026360990484956492,0.04523052401373088,114777.51621315874,0.23887390734498223,0.47136539652897086,0.08532352842339919,1.400520891749433,0.0,0.20026044587471659,0.5263946013791221,0.8010417769352595,0.8253759354352951,0.0296608118119524,0.801041783498866,5.4460196204549525e-08,0.0,1.0401111990213394,2904,2714
finetune_selection,1,22,0.15214750080794015,0.04500437139366223,134132.70290587892,0.30886227110629644,0.4734393819249072,0.08526846352405554,1.3977555370046977,0.0,0.19887776850234898,0.5268663732068879,0.7955110346277555,0.8260073661804199,0.03500908705970022,0.7955110740093957,6.315254027130142e-08,0.0,1.039500763018926,2928,2738
finetune_selection,1,23,0.0757602454066782,0.044779349536693915,121652.77944550294,0.2658311029903485,0.4454058090640721,0.08519010058101657,1.3960454223588818,0.0,0.19802271117944095,0.5252834483981133,0.7920908207694689,0.821946182847023,0.037886422989162144,0.7920908447177637,5.6588933557607156e-08,0.0,1.0387972642978032,2952,2762
finetune_selection,1,24,0.013935932343921795,0.04455545278901044,113024.54007159761,0.23122880813637295,0.4107450409492775,0.08441704872753064,1.3852696048007125,0.0,0.19263480240035627,0.5231106781533785,0.7705391521255175,0.8069377243518829,0.02377463849930391,0.770539209601425,7.131269996740741e-08,0.0,1.0348435640335083,2976,2786
finetune_selection,1,25,0.007761578511631616,0.044332675525065396,112795.29760663991,0.30021882723775334,0.4277784537933372,0.08806386659022565,1.401559069486601,0.0,0.20077953474330054,0.5298033292804445,0.8031181196371714,0.829465103149414,0.028572426196506354,0.803118138973202,6.013682901651052e-08,0.0,1.0350606938203175,3000,2810
finetune_selection,1,26,0.021448542635760067,0.044111012147440065,114469.21706912905,0.24905797502674054,0.43855040838091075,0.08746179026660922,1.4013155665958212,0.0,0.2006577832979106,0.5272457642214639,0.8026311298211416,0.8334741175174714,0.02819016259555723,0.8026311331916421,5.552456492733763e-08,0.0,1.0338134765625,3024,2834
finetune_selection,1,27,-0.040137261331575115,0.04389045708670286,106626.3576705535,0.23123628819147646,0.430319513260074,0.08523570759513967,1.393190326790015,0.0,0.19659516339500746,0.5282132050820759,0.7863806386788686,0.8180704444646836,0.03298750492926046,0.7863806535800298,5.073490596159876e-08,0.0,1.0312217772006989,3048,2858
finetune_selection,1,28,0.08338266818679474,0.04367100480126935,123108.8203146771,0.18782932365597596,0.47739966786851845,0.08693987405262715,1.4021823714886394,0.0,0.2010911857443197,0.5284787959286145,0.8043647309144338,0.8274399101734161,0.02870359474308281,0.8043647429772784,5.321843280873632e-08,0.0,1.031196008125941,3072,2882
finetune_selection,1,29,-0.021836448830336072,0.04345264977726301,108838.96953189347,0.20649428743860274,0.4136609143215482,0.08587324136643143,1.3927516371366524,0.0,0.1963758185683262,0.527756579220295,0.7855032831430435,0.8202495336532593,0.02638145216138455,0.7855032742733045,4.186516718481433e-08,0.0,1.0288972109556198,3096,2906
finetune_selection,1,30,-0.10208566837097825,0.04323538652837669,100209.86810452506,0.18600636794840267,0.41846638022899296,0.08681662848191805,1.3936104574905972,0.0,0.19680522874529874,0.5290259676320213,0.7872208928068479,0.8151040285825729,0.026901230839739686,0.787220914981195,5.0912300745646157e-08,0.0,1.0275706152121227,3120,2930
finetune_selection,1,31,-0.04526045186269305,0.043019209595734804,106320.97011608658,0.21506272311305163,0.3992905376052501,0.08726018688085757,1.389533372773301,0.0,0.19476668638665054,0.5260758900216647,0.779066726565361,0.8109470427036285,0.020071690691728192,0.779066745546602,5.69437231812131e-08,0.0,1.027528444925944,3144,2954
finetune_selection,1,32,0.07357281724702608,0.04280411354775613,120934.46446205486,0.2834387882639952,0.4674378543757762,0.08294420220946701,1.4029491566831156,0.0,0.20147457834155788,0.530661060341767,0.8058982913692793,0.8256778597831727,0.025448873101793883,0.8058983133662313,6.989354178754681e-08,0.0,1.0283287862936656,3168,2978
finetune_selection,1,33,0.1481221469547444,0.04259009298001735,133308.79727274636,0.20026179457169369,0.4197617468074583,0.08478317691844467,1.4015716389708575,0.0,0.2007858194854288,0.5315894420657838,0.8031432703137398,0.8319641679525375,0.03170818618110748,0.803143277941715,6.33299350368451e-08,0.0,1.0278404007355373,3192,3002
finetune_selection,1,34,-0.028344247843656866,0.04237714251511726,107897.1194987471,0.2783152889868257,0.4037177876072233,0.08461287201434094,1.3904510488112767,0.0,0.19522552440563842,0.52815865618842,0.7809020678202311,0.8076307743787765,0.021332882661206712,0.7809020976225535,7.060312086822525e-08,0.0,1.024874394138654,3216,3026
finetune_selection,1,35,0.15688237541347858,0.04216525680254168,135805.91566666288,0.23265750178774533,0.46390367585343306,0.08897722993443065,1.4012521032598755,0.0,0.20062605162993785,0.5308031407850129,0.802504226565361,0.8295213431119919,0.026151575700637645,0.8025042065197513,7.716672760042324e-08,0.0,1.0276565204064052,3240,3050
finetune_selection,1,36,0.04632849306927012,0.041954430518528964,117837.06272933596,0.2423272511295919,0.4497424172458625,0.08753505970222542,1.4013259302647338,0.0,0.20066296513236703,0.531395441719464,0.8026518523693085,0.8281904548406601,0.025677120415483725,0.8026518605294681,5.570195972988875e-08,0.0,1.0254161755243938,3264,3074
finetune_selection,1,37,0.003756653288546335,0.04174465836593633,112110.34549208863,0.2268791199344972,0.43358194193946437,0.08688750461809218,1.3953291632767233,0.0,0.19766458163836176,0.5308788940310478,0.7906583075722059,0.8187092155218124,0.030299215770143346,0.7906583265534467,5.1976669431426835e-08,0.0,1.0220424781243007,3288,3098
finetune_refit_all,,1,-0.26210169710568126,0.05,86200.08797408507,0.2664932411825844,0.4796986918965427,0.08500839470716239,1.3988846985711938,0.0,0.1994423492855969,0.5254793795091766,0.7977693850795428,0.8287376254796982,0.024927293784883765,0.7977693971423876,5.108969545567869e-08,0.0,1.0628650337457657,2424,2273
finetune_refit_all,,2,-0.0323795575275012,0.04975,107013.08579827471,0.2681365000599449,0.47571392055037154,0.08159533394064832,1.39880833233751,0.0,0.19940416616875503,0.5250881378139769,0.7976166332761446,0.8360872983932495,0.03064356232238223,0.7976166646750199,4.8428773861501164e-08,0.0,1.062686800956726,2448,2273
finetune_refit_all,,3,0.05958803269306168,0.049501250000000004,118847.15919128933,0.3562734318838688,0.5224345996692608,0.08249594734376843,1.398134770315318,0.0,0.19906738515765895,0.5239406206778117,0.7962695062160492,0.8339465916156769,0.046162237370574816,0.7962695406306356,5.5347170106282796e-08,0.0,1.063785473505656,2472,2282
finetune_refit_all,,4,0.06351527174700569,0.04925374375,119224.1261665358,0.3458653960166788,0.5330230391629838,0.08144026555213692,1.3993167428388482,0.0,0.1996583714194241,0.5252375528216362,0.7986334562301636,0.8390227645635605,0.049954924480946884,0.7986334856776963,4.6477431329498366e-08,0.0,1.0631066014369328,2496,2306
finetune_refit_all,,5,-0.08906354345539493,0.04900747503125,101138.36176118845,0.24407435188446716,0.4726438558241852,0.08359919406636596,1.391747275544774,0.0,0.19587363777238698,0.5236555274043764,0.7834945072730383,0.8192201018333435,0.03050111062513536,0.7834945510895479,7.042572604717041e-08,0.0,1.0620060910781224,2520,2330
finetune_refit_all,,6,-0.1890235995616067,0.048762437656093754,91144.65956428774,0.2915873435057685,0.47217961579714585,0.07655551109607911,1.4055647403888758,0.0,0.20278237019443793,0.5239560550877026,0.8111294656991959,0.8391762048006057,0.02593023113273385,0.8111294807777517,5.339582762979115e-08,0.0,1.0581366568803787,2544,2354
finetune_refit_all,,7,0.16071991760773957,0.048518625467813284,134618.5042033066,0.3016500283488323,0.5701087098215173,0.08036679514025737,1.402744524801771,0.0,0.20137226240088543,0.5234959146806172,0.8054890210429827,0.839111989736557,0.04484561280704348,0.8054890496035417,6.687783056976333e-08,0.0,1.0566544433434804,2568,2378
finetune_refit_all,,8,-0.15049936274333886,0.048276032340474215,94456.23048132968,0.3142176977354183,0.4913553497472683,0.07650662580010031,1.4004419682813543,0.0,0.20022098414067713,0.5235083752444811,0.800883928934733,0.8335017681121826,0.025987425429609568,0.8008839365627084,3.707550820057174e-08,0.0,1.0510208010673523,2592,2402
finetune_refit_all,,9,-0.17464409909531778,0.04803465217877184,92089.19105348775,0.2734269873049491,0.4624943380928709,0.07395027190446088,1.405355532165794,0.0,0.20267776608289712,0.5249599676047052,0.810711053510507,0.8381423979997635,0.02175216403286233,0.8107110643315881,5.7298512693796745e-08,0.0,1.0485120962063472,2616,2426
finetune_refit_all,,10,-0.04551536506589787,0.04779447891787798,104530.44298370564,0.26769288384408224,0.5236587711735676,0.07404688362777471,1.4094941530908855,0.0,0.20474707654544289,0.5219846463629177,0.8189882859587669,0.8361885577440262,0.01808780482235717,0.8189883061817714,5.854027616362482e-08,0.0,1.0460580885410309,2640,2450
finetune_refit_all,,11,0.021381446893851408,0.0475555065232886,112196.29638900649,0.2761394815631744,0.5233001654468427,0.07276961265955917,1.4097613386277639,0.0,0.20488066931388213,0.5216060972639492,0.8195226887861887,0.8386940896511078,0.024914193390331494,0.8195226772555282,6.191077689399194e-08,0.0,1.042899638414383,2664,2474
finetune_refit_all,,12,-0.24229372194582374,0.04731772899067215,86399.19657866661,0.3066777219314117,0.4617720653224455,0.07072962655931403,1.4039569616849932,0.0,0.2019784808424967,0.5150979257055691,0.8079138944546381,0.8258781850337982,0.017518420898860125,0.8079139233699865,6.865177829921502e-08,0.0,1.0382414509852727,2688,2498
finetune_refit_all,,13,0.015344519187307153,0.04708114034571879,110732.96444840507,0.3264941460680369,0.4828418214904012,0.06798502743182927,1.4077735156530427,0.0,0.2038867578265213,0.5124122436557497,0.8155470316608747,0.8329443097114563,0.01626860646801713,0.8155470313060852,4.789658960187756e-08,0.0,1.0346507181723912,2712,2522
finetune_refit_all,,14,-0.12349748898781804,0.046845734643990194,96325.13643027825,0.31883985387241726,0.4838729628955678,0.07112239174607982,1.4020456331116813,0.0,0.20102281655584062,0.5111289013709341,0.8040912598371506,0.821760281920433,0.01704682944776686,0.8040912662233625,5.7475907477844146e-08,0.0,1.0319220970074336,2736,2546
finetune_refit_all,,15,-0.004770768266531052,0.046611505970770246,108240.20991675532,0.32841014407767233,0.48760353695026865,0.0674164040803575,1.4021371968445322,0.0,0.2010685984222662,0.5095440745353699,0.8042743851741155,0.8260113596916199,0.02101928005548525,0.8042743936890647,5.6411538792063474e-08,0.0,1.028999850153923,2760,2570
finetune_refit_all,,16,0.1319303289113687,0.046378448440916396,127941.0775319292,0.38331044587086033,0.5811030092324244,0.07204989271399999,1.400545310938642,0.0,0.20027265546932108,0.5109375076634544,0.8010906005899111,0.8290257096290589,0.03007176997706906,0.8010906218772842,6.634564625462858e-08,0.0,1.0275276005268097,2784,2594
finetune_refit_all,,17,0.05492263279209997,0.04614655619871181,115771.97350295591,0.32691653607901455,0.47292919891095275,0.06775871302447241,1.4046549655142284,0.0,0.20232748275711424,0.5046061793608325,0.8093099271257719,0.826693332195282,0.015695896423036357,0.8093099310284568,4.789658952786269e-08,0.0,1.023691122730573,2808,2618
finetune_refit_all,,18,0.05909795781971021,0.04591582341771825,116406.11021286335,0.25075311977450815,0.4676099837415984,0.06820050657225062,1.404395467113881,0.0,0.20219773355694048,0.5070102283997195,0.8087908923625946,0.8274563640356064,0.02671863745795676,0.8087909342277616,5.99594343249817e-08,0.0,1.022586166858673,2832,2642
finetune_refit_all,,19,-0.17239584885477172,0.04568624430062966,91730.38536464523,0.27723682817664386,0.4320439969001177,0.06853711364168392,1.4064589727315164,0.0,0.2032294863657583,0.5027062115924699,0.8129179179668427,0.8297750920057296,0.012354756106861533,0.8129179454630329,6.262035595616666e-08,0.0,1.0200940817594528,2856,2666
finetune_refit_all,,20,0.03072480767933302,0.04545781307912651,112431.16277171201,0.33937273106041616,0.564760020254436,0.06653505944651038,1.4031720874564986,0.0,0.20158604372824943,0.5072631335684231,0.8063441514968872,0.8311254322528839,0.02547358836598744,0.8063441749129976,5.6411538829070906e-08,0.0,1.0192754169305165,2880,2690
finetune_refit_all,,21,0.026137394073948036,0.04523052401373088,111722.95082261566,0.27866520223600605,0.5057447299670684,0.06565947256916643,1.4050796614693744,0.0,0.2025398307346872,0.5099872861589705,0.810159295797348,0.8267638593912124,0.022105328072847687,0.8101593229387488,5.446019629706811e-08,0.0,1.0167738397916157,2904,2714
finetune_refit_all,,22,0.15129048474946524,0.04500437139366223,130090.89136689981,0.3170331977711906,0.5766162978600344,0.06668015749820119,1.4006729234187378,0.0,0.2003364617093688,0.5059617598141943,0.8013458078106245,0.8238893151283264,0.024674237551799295,0.8013458468374752,7.521538506842045e-08,0.0,1.0152202447255452,2928,2738
finetune_refit_all,,23,0.02856770891564816,0.044779349536693915,112190.07360865435,0.32518275190489954,0.5400461920959607,0.06673986353076113,1.406084788785804,0.0,0.20304239439290198,0.5104134125368935,0.8121695617834727,0.8293931394815445,0.020748781181951004,0.8121695775716078,5.7653302261891547e-08,0.0,1.013180822134018,2952,2762
finetune_refit_all,,24,0.035238545272682,0.04455545278901044,112813.2431379927,0.27135031433067475,0.45181956778857213,0.0652839175945713,1.4050927371496247,0.0,0.2025463685748123,0.49854062125086784,0.810185452302297,0.8230335474014282,0.010693140588092242,0.8101854742992494,5.995943430647799e-08,0.0,1.0100210358699162,2976,2786
finetune_refit_all,,25,-0.20543200817344065,0.044332675525065396,88676.37252419704,0.2824158485302473,0.5983815613656619,0.06477991838147161,1.4067716304922389,0.0,0.2033858152461194,0.49896194732614924,0.8135432302951813,0.8272153377532959,0.009678964426803256,0.8135432609844776,6.403951419153842e-08,0.0,1.0090450843175252,3000,2810
finetune_refit_all,,26,0.0022618643741285777,0.044111012147440065,108588.74007252787,0.3196886763857964,0.6950120630028669,0.06402695055639773,1.4046611898534358,0.0,0.20233059492671776,0.4993210110281195,0.8093223546942075,0.8259019643068314,0.012867728946583308,0.809322379706871,6.368472466045105e-08,0.0,1.0077567249536514,3024,2834
finetune_refit_all,,27,0.04228892213466533,0.04389045708670286,113141.2522689721,0.35563743529332664,0.627276748765811,0.061550130875965246,1.404654207062863,0.0,0.2023271035314316,0.5050340326769012,0.8093084121743838,0.8315211057662963,0.018780220760279784,0.8093084141257264,5.3041038043192636e-08,0.0,1.0062595854202907,3048,2858
finetune_refit_all,,28,-0.12265648795197309,0.04367100480126935,95446.00650867962,0.3683022594194862,0.7128148877548746,0.06245309711154995,1.4060233889945917,0.0,0.2030116944972958,0.49662881823522703,0.8120467389623324,0.8232252836227417,0.010392999967080364,0.8120467779891832,6.38621193889873e-08,0.0,1.005107710758845,3072,2882
finetune_refit_all,,29,-0.11599910257604251,0.04345264977726301,95836.08585376247,0.3206470306550436,0.7814430180715984,0.06045900964876929,1.4067695276545626,0.0,0.20338476382728135,0.49430140799709726,0.8135390281677246,0.8299023687839509,0.013551436454083311,0.8135390553091254,5.1976669412923115e-08,0.0,1.0036551306645076,3096,2906
finetune_refit_all,,30,-0.24684913312920218,0.04323538652837669,85263.83118756738,0.3273691924137638,0.4637388043707263,0.06168240698303348,1.406749962873402,0.0,0.20337498143670105,0.492942280535187,0.8134999126195908,0.8281919121742248,0.009525076174839055,0.8134999257468042,7.060312088672897e-08,0.0,1.0020733922719955,3120,2930
finetune_refit_all,,31,-0.058324587594820676,0.043019209595734804,101566.81970123008,0.34099119216844315,0.6513240633728027,0.06145923274661639,1.406429494154595,0.0,0.2032147470772976,0.49356747046113014,0.8128589813907942,0.8315084487199783,0.014143818545230924,0.8128589883091903,5.162187984482832e-08,0.0,1.0016356681783993,3144,2954
finetune_refit_all,,32,-0.08512987532968742,0.04280411354775613,98692.09884395894,0.3038937237661681,0.494857790400369,0.05989794689463277,1.4068841775435776,0.0,0.20344208877178885,0.4951960710542543,0.8137683272361755,0.8265811562538147,0.00995422595815768,0.8137683550871554,5.658893365012574e-08,0.0,1.0002171322703362,3168,2978
finetune_refit_all,,33,0.13649471380390912,0.04259009298001735,127015.9131890302,0.3922561063556517,0.7685730854549929,0.06350196750115618,1.4051118181752307,0.0,0.20255590908761537,0.5003523251840046,0.8102235943078995,0.8250343829393387,0.01595099535166205,0.8102236363504614,6.332993507385254e-08,0.0,1.00016388297081,3192,3002
finetune_refit_all,,34,0.18061022828526604,0.04237714251511726,134550.87370239676,0.38548753651698525,0.7325937488983507,0.06348038604896783,1.4024062281740564,0.0,0.2012031140870282,0.4987444281578064,0.8048124313354492,0.8285025894641876,0.019330903898887884,0.8048124563481126,5.907246044175215e-08,0.0,0.998761385679245,3216,3026
finetune_refit_all,,35,-0.12382262134551926,0.04216525680254168,95178.48167742926,0.4024559897085139,0.626217477864522,0.060970808489534324,1.4077886902682837,0.0,0.20389434513414192,0.4907264124069895,0.8155773704250654,0.8277096599340439,0.008672674530447257,0.8155773805365677,4.84287738985086e-08,0.0,0.9953871990243593,3240,3050
finetune_refit_all,,36,-0.11432534669773334,0.041954430518528964,95820.37327574394,0.3773615620601913,0.6264222777994634,0.058921626299162734,1.4079344442912511,0.0,0.20396722214562554,0.4878251211983817,0.8158688768744469,0.8256472975015641,0.011426722148259426,0.8158688885825022,5.4992380630706585e-08,0.0,0.9945433661341667,3264,3074
finetune_refit_all,,37,0.19139018736207036,0.04174465836593633,135985.42338894232,0.31865361804923925,0.6195140256206348,0.061030730842484456,1.404668661189221,0.0,0.20233433059461062,0.5020388354148184,0.8093373104929924,0.8303453922271729,0.01658643682033065,0.8093373223784424,4.7364405212727924e-08,0.0,0.9945355455080668,3288,3098
finetune_refit_all,,38,0.09741536503729487,0.04153593507410664,120451.43556657321,0.36103988438539353,0.8122503812640924,0.06031210117023381,1.4048604582037243,0.0,0.20243022910186226,0.4980845121400697,0.8097209061185519,0.8277796328067779,0.01500509629112816,0.8097209164074489,4.505827313113405e-08,0.0,0.9943375661969185,3312,3122
finetune_refit_all,,39,0.15787478279603787,0.04132825539873611,130179.27262257409,0.32977176775175576,0.6349689599969962,0.061628143244246626,1.4018616879447585,0.0,0.20093084397237929,0.4990040212869644,0.80372337748607,0.832347184419632,0.019800459722518697,0.803723375889517,6.61682514890849e-08,0.0,0.9935193782051405,3336,3146
finetune_refit_all,,40,0.08621853665926735,0.04112161412174242,119013.36428538976,0.2662394067492634,0.5194925307551074,0.061283076809338116,1.4080315499256055,0.0,0.20401577496280274,0.4892629895891462,0.8160631010929743,0.8297727793455124,0.010962019443816667,0.816063099851211,4.842877388000488e-08,0.0,0.9946520552039146,3360,3170
finetune_refit_all,,41,-0.12491997675194572,0.04091600605113371,95043.53811496132,0.2955764326625465,0.5086881213015868,0.06064216133539371,1.4070918811041686,0.0,0.20354594055208422,0.48655372698392185,0.8141837269067764,0.8280808955430985,0.012161138783028443,0.8141837622083369,5.481498579114804e-08,0.0,0.9896306097507477,3384,3194
finetune_refit_all,,42,0.03858505842487116,0.040711426020878044,112497.2564291422,0.2936049595478067,0.7121330372841597,0.06042031213389004,1.4058250829222654,0.0,0.20291254146113283,0.498827159936939,0.8116501594583193,0.8355874270200729,0.019191791183271818,0.8116501658445312,4.718701041017681e-08,0.0,0.9893077636758486,3408,3218
finetune_refit_all,,43,0.12371284142575549,0.04050786889077365,124469.43595958942,0.35350112008787443,0.7180914445587789,0.06073089547670498,1.4034886307836996,0.0,0.20174431539184992,0.49762022708143505,0.8069772447148958,0.8292161017656327,0.01801145927531424,0.8069772615673996,5.623414402651979e-08,0.0,0.9898258099953333,3432,3242
finetune_refit_all,,44,-0.03826267085928901,0.04030532954631979,103546.41232306593,0.33295416461610294,0.7009833416984506,0.0604268048178678,1.4049920187819573,0.0,0.2024960093909786,0.5025057696870394,0.809984010954698,0.8386818945407867,0.021164825015300773,0.8099840375639143,5.499238059369915e-08,0.0,0.9879407659173012,3456,3266
finetune_refit_all,,45,-0.015289878166240733,0.04010380289858819,105975.4555829818,0.3084278321074106,0.544128326163793,0.05972929726724724,1.409522994465771,0.0,0.2047614972328856,0.48596118550215445,0.8190459460020065,0.8352189838886261,0.015249499060081889,0.8190459889315423,6.42169089570821e-08,0.0,0.9873067438602448,3480,3290
finetune_refit_all,,46,0.016822234883542758,0.039903283884095246,109534.77992530788,0.30008926169440914,0.7058260904947601,0.05852144355984848,1.4059337203701336,0.0,0.20296686018506685,0.4802208250122411,0.8118673910697302,0.8356142431497574,0.01627451630675724,0.8118674407402674,5.818548654001887e-08,0.0,0.9851641555627187,3504,3314
finetune_refit_all,,47,0.05740757131890411,0.03970376746467477,114720.70802597217,0.2946774902146063,0.5389121513804588,0.05909185111530683,1.4094575031970937,0.0,0.2047287515985469,0.4889739938080311,0.81891497472922,0.8311108648777008,0.011638296683798142,0.8189150063941876,6.536997495161974e-08,0.0,0.9870740721623102,3528,3338
finetune_refit_all,,48,0.063881237711722,0.03950524862735139,115673.22101792923,0.2834340992956843,0.5478246085036352,0.05967869670773049,1.4080620976164937,0.0,0.20403104880824685,0.48641042837074827,0.8161241660515467,0.8340609699487687,0.014740173446639915,0.8161241952329874,5.437149889579255e-08,0.0,0.9853515972693762,3552,3362
finetune_refit_all,,49,-0.004744462286707746,0.03930772238421464,107035.68302877483,0.350161811842149,0.5676588936891211,0.05873049043692055,1.4070107072059599,0.0,0.20350535360297992,0.487154626420566,0.8140213886896769,0.8313404232263565,0.015293206045080488,0.8140214144119194,5.712111789124563e-08,0.0,0.9847332884867986,3576,3386
finetune_refit_all,,50,-0.018571259280954877,0.03911118377229356,105652.62957455772,0.3237390302218668,0.5639432986398666,0.06006106980618575,1.4080171106117112,0.0,0.20400855530585563,0.4853759157870497,0.8160342052578926,0.8326003134250641,0.0152991133161442,0.8160342212234224,5.712111790974935e-08,0.0,0.9843080515662829,3600,3410
finetune_refit_all,,51,0.01864151049792518,0.0389156278534321,109908.1191789553,0.25895736658221274,0.5164092469919186,0.05958966665508517,1.403835646142917,0.0,0.20191782307145853,0.500020076653787,0.8076712712645531,0.8368238031864166,0.022662900928493174,0.8076712922858339,7.264316080150361e-08,0.0,0.9829958255092303,3624,3434
finetune_refit_all,,52,0.10210295079528671,0.038721049714164936,121229.10688753765,0.35819120729218296,0.6496856930118071,0.060843868133184244,1.4030315946078016,0.0,0.20151579730390087,0.49627974948712755,0.8060631478826205,0.8317803859710693,0.022070014553806284,0.8060631892156033,5.658893361311831e-08,0.0,0.982887345055739,3648,3458
finetune_refit_all,,53,-0.02262302196335769,0.03852744446559411,105237.32243799575,0.25699938459241395,0.4243541097045679,0.06032483310411698,1.4070651266014291,0.0,0.20353256330071465,0.4871324247547558,0.8141302093863487,0.8296583831310272,0.010852338301033704,0.8141302532028586,6.27977507772215e-08,0.0,0.9809109444419543,3672,3482
finetune_refit_all,,54,-0.17305562930139384,0.03833480724326614,90499.78831943842,0.274323959271583,0.4898415215917873,0.056733890884493855,1.406104008401079,0.0,0.20305200420053945,0.481675172490733,0.8122079869111379,0.8358736068010331,0.015959650304753742,0.8122080168021576,7.317534515364581e-08,0.0,0.9795484145482382,3696,3506
finetune_refit_all,,55,0.056715760702636044,0.03814313320704981,114819.57593957336,0.25390022133656176,0.5427798842992185,0.06029384419443721,1.40889745028246,0.0,0.2044487251412301,0.4855517436351095,0.8177948842446009,0.8314980655908585,0.011520597348879622,0.8177949005649202,4.4171299266408205e-08,0.0,0.9841243873039881,3720,3530
finetune_refit_all,,56,0.12824976127915194,0.03795241754101456,124919.42039094606,0.3618442590800244,0.615444625655071,0.059361830469250164,1.4005832414009742,0.0,0.2002916207004871,0.4969963165266173,0.8011664673686028,0.8251222103834153,0.021974313326273986,0.8011664828019484,5.375061716087851e-08,0.0,0.981440765162309,3744,3554
finetune_refit_all,,57,-0.05921651963236066,0.037762655453309486,101054.19097196493,0.3045387508365091,0.5098528162167855,0.05804038067671704,1.4086776266229295,0.0,0.20433881331146475,0.4839137547782489,0.8173552180329958,0.8332030236721039,0.010647733993988088,0.8173552532458589,5.366191979661039e-08,0.0,0.9776768783728281,3768,3578
finetune_refit_all,,58,0.004973527160330157,0.03757384217604294,108119.84568919336,0.29160833248807405,0.6674369221910204,0.05843907634591694,1.4026972250569434,0.0,0.20134861252847172,0.497417651116848,0.8053944359223048,0.8339846849441528,0.02352903412662556,0.8053944501138869,5.7475907422332995e-08,0.0,0.97936183710893,3792,3602
finetune_refit_all,,59,0.008191280379050446,0.037385972965162724,108625.01941984745,0.2837116998068163,0.541126704224435,0.05934207937631555,1.4032038552243087,0.0,0.20160192761215426,0.4979225716420582,0.8064076627294222,0.8377170473337173,0.021750081648414462,0.806407710448617,6.421690893857838e-08,0.0,0.9785900786519051,3816,3626
finetune_refit_all,,60,-0.1857259395404477,0.037199043100336913,89739.89588294065,0.3233700536293006,0.5063113662744646,0.059495299322417476,1.4094341741874814,0.0,0.2047170870937407,0.47841054626873564,0.8188683167099953,0.8319770097732544,0.009906661106924116,0.8188683483749628,5.472628844538363e-08,0.0,0.975688099861145,3840,3650
finetune_refit_all,,61,0.07994713106650334,0.037013047884835226,117538.91585326436,0.24152827035019928,0.5673285953321265,0.057725680916134704,1.4091004837481746,0.0,0.20455024187408744,0.48269848419087275,0.8182009334365526,0.8340399652719498,0.013459587639792697,0.8182009674963497,5.446019624155696e-08,0.0,0.9797641684611639,3864,3674
