seed,window_episodes,metric,value,comparison,threshold,pass
20260741,100,mean_leverage_gate,0.7943061311542988,<=,0.95,True
20260741,100,fraction_at_gross_cap,0.0,<=,0.75,True
20260741,100,gate_gross_mae,6.650884946187338e-08,<=,1e-05,True
20260741,100,mean_turnover,0.6479721887143595,<=,1.0,True
20260741,100,max_position_limit_violation,0.0,<=,1e-06,True
20260741,100,mean_normalized_direction_entropy,0.8564828152973306,>=,0.7,True
20260741,100,q05_normalized_direction_entropy,0.7831424162118756,>=,0.5,True
20260741,100,mean_effective_positions,4.010403990745544,>=,2.5,True
20260742,100,mean_leverage_gate,0.7945700907707214,<=,0.95,True
20260742,100,fraction_at_gross_cap,0.0,<=,0.75,True
20260742,100,gate_gross_mae,7.616976896921793e-08,<=,1e-05,True
20260742,100,mean_turnover,0.5877027734047512,<=,1.0,True
20260742,100,max_position_limit_violation,0.0,<=,1e-06,True
20260742,100,mean_normalized_direction_entropy,0.8576773315890478,>=,0.7,True
20260742,100,q05_normalized_direction_entropy,0.7854080286401071,>=,0.5,True
20260742,100,mean_effective_positions,4.1016461046536765,>=,2.5,True
20260743,100,mean_leverage_gate,0.7962667338550091,<=,0.95,True
20260743,100,fraction_at_gross_cap,0.0,<=,0.75,True
20260743,100,gate_gross_mae,6.313125292460123e-08,<=,1e-05,True
20260743,100,mean_turnover,0.4068748920850478,<=,1.0,True
20260743,100,max_position_limit_violation,0.0,<=,1e-06,True
20260743,100,mean_normalized_direction_entropy,0.8045721450931927,>=,0.7,True
20260743,100,q05_normalized_direction_entropy,0.7215659412699782,>=,0.5,True
20260743,100,mean_effective_positions,3.594787500500679,>=,2.5,True
20260744,100,mean_leverage_gate,0.7968550717582306,<=,0.95,True
20260744,100,fraction_at_gross_cap,0.0,<=,0.75,True
20260744,100,gate_gross_mae,7.22085436185201e-08,<=,1e-05,True
20260744,100,mean_turnover,0.6751289146350297,<=,1.0,True
20260744,100,max_position_limit_violation,0.0,<=,1e-06,True
20260744,100,mean_normalized_direction_entropy,0.8484069234981472,>=,0.7,True
20260744,100,q05_normalized_direction_entropy,0.7389341265382665,>=,0.5,True
20260744,100,mean_effective_positions,4.053205708662669,>=,2.5,True
20260745,100,mean_leverage_gate,0.7928011527409157,<=,0.95,True
20260745,100,fraction_at_gross_cap,0.0,<=,0.75,True
20260745,100,gate_gross_mae,6.696830193201702e-08,<=,1e-05,True
20260745,100,mean_turnover,0.5916394754560731,<=,1.0,True
20260745,100,max_position_limit_violation,0.0,<=,1e-06,True
20260745,100,mean_normalized_direction_entropy,0.8532372806291917,>=,0.7,True
20260745,100,q05_normalized_direction_entropy,0.7818457181665245,>=,0.5,True
20260745,100,mean_effective_positions,4.02374672661225,>=,2.5,True
20260746,100,mean_leverage_gate,0.7860826166470846,<=,0.95,True
20260746,100,fraction_at_gross_cap,0.0,<=,0.75,True
20260746,100,gate_gross_mae,6.896754105885823e-08,<=,1e-05,True
20260746,100,mean_turnover,0.5171133444625663,<=,1.0,True
20260746,100,max_position_limit_violation,0.0,<=,1e-06,True
20260746,100,mean_normalized_direction_entropy,0.8800810478774584,>=,0.7,True
20260746,100,q05_normalized_direction_entropy,0.8233934635476046,>=,0.5,True
20260746,100,mean_effective_positions,4.259268675049146,>=,2.5,True
20260747,100,mean_leverage_gate,0.7964290058861176,<=,0.95,True
20260747,100,fraction_at_gross_cap,0.0,<=,0.75,True
20260747,100,gate_gross_mae,6.381422281265258e-08,<=,1e-05,True
20260747,100,mean_turnover,0.4590992993487799,<=,1.0,True
20260747,100,max_position_limit_violation,0.0,<=,1e-06,True
20260747,100,mean_normalized_direction_entropy,0.8354667049725532,>=,0.7,True
20260747,100,q05_normalized_direction_entropy,0.7197436700554031,>=,0.5,True
20260747,100,mean_effective_positions,3.8538469191392255,>=,2.5,True
20260748,100,mean_leverage_gate,0.7892809728284677,<=,0.95,True
20260748,100,fraction_at_gross_cap,0.0,<=,0.75,True
20260748,100,gate_gross_mae,6.757676601409912e-08,<=,1e-05,True
20260748,100,mean_turnover,0.6307564089114645,<=,1.0,True
20260748,100,max_position_limit_violation,0.0,<=,1e-06,True
20260748,100,mean_normalized_direction_entropy,0.8914660888962151,>=,0.7,True
20260748,100,q05_normalized_direction_entropy,0.8130624719570716,>=,0.5,True
20260748,100,mean_effective_positions,4.461139893929164,>=,2.5,True
20260749,100,mean_leverage_gate,0.798308884849151,<=,0.95,True
20260749,100,fraction_at_gross_cap,0.0,<=,0.75,True
20260749,100,gate_gross_mae,6.216267744700114e-08,<=,1e-05,True
20260749,100,mean_turnover,0.3527002720192208,<=,1.0,True
20260749,100,max_position_limit_violation,0.0,<=,1e-06,True
20260749,100,mean_normalized_direction_entropy,0.7841465506981081,>=,0.7,True
20260749,100,q05_normalized_direction_entropy,0.715342602436259,>=,0.5,True
20260749,100,mean_effective_positions,3.5073432327310243,>=,2.5,True
20260750,100,mean_leverage_gate,0.7959369719276825,<=,0.95,True
20260750,100,fraction_at_gross_cap,0.0,<=,0.75,True
20260750,100,gate_gross_mae,6.932765245437623e-08,<=,1e-05,True
20260750,100,mean_turnover,0.6538823825429149,<=,1.0,True
20260750,100,max_position_limit_violation,0.0,<=,1e-06,True
20260750,100,mean_normalized_direction_entropy,0.8759144110296522,>=,0.7,True
20260750,100,q05_normalized_direction_entropy,0.8029933039931288,>=,0.5,True
20260750,100,mean_effective_positions,4.286373815536499,>=,2.5,True
20260751,100,mean_leverage_gate,0.7891322702417771,<=,0.95,True
20260751,100,fraction_at_gross_cap,0.0,<=,0.75,True
20260751,100,gate_gross_mae,6.982435782750447e-08,<=,1e-05,True
20260751,100,mean_turnover,0.5190572237726745,<=,1.0,True
20260751,100,max_position_limit_violation,0.0,<=,1e-06,True
20260751,100,mean_normalized_direction_entropy,0.8950879806932227,>=,0.7,True
20260751,100,q05_normalized_direction_entropy,0.8288478881668913,>=,0.5,True
20260751,100,mean_effective_positions,4.506456978122393,>=,2.5,True
20260752,100,mean_leverage_gate,0.7990757239609957,<=,0.95,True
20260752,100,fraction_at_gross_cap,0.0,<=,0.75,True
20260752,100,gate_gross_mae,7.119029760360719e-08,<=,1e-05,True
20260752,100,mean_turnover,0.6481250264569896,<=,1.0,True
20260752,100,max_position_limit_violation,0.0,<=,1e-06,True
20260752,100,mean_normalized_direction_entropy,0.8639820878547698,>=,0.7,True
20260752,100,q05_normalized_direction_entropy,0.7929484999025707,>=,0.5,True
20260752,100,mean_effective_positions,4.193336038986842,>=,2.5,True
20260753,100,mean_leverage_gate,0.7944578453401725,<=,0.95,True
20260753,100,fraction_at_gross_cap,0.0,<=,0.75,True
20260753,100,gate_gross_mae,7.06315040588379e-08,<=,1e-05,True
20260753,100,mean_turnover,0.6171642043866726,<=,1.0,True
20260753,100,max_position_limit_violation,0.0,<=,1e-06,True
20260753,100,mean_normalized_direction_entropy,0.8779731198036874,>=,0.7,True
20260753,100,q05_normalized_direction_entropy,0.8085650697068181,>=,0.5,True
20260753,100,mean_effective_positions,4.355191813906034,>=,2.5,True
20260754,100,mean_leverage_gate,0.7960912034660578,<=,0.95,True
20260754,100,fraction_at_gross_cap,0.0,<=,0.75,True
20260754,100,gate_gross_mae,6.26718004544576e-08,<=,1e-05,True
20260754,100,mean_turnover,0.5220428682480096,<=,1.0,True
20260754,100,max_position_limit_violation,0.0,<=,1e-06,True
20260754,100,mean_normalized_direction_entropy,0.8822465514788276,>=,0.7,True
20260754,100,q05_normalized_direction_entropy,0.8188889141814975,>=,0.5,True
20260754,100,mean_effective_positions,4.313545681238175,>=,2.5,True
20260755,100,mean_leverage_gate,0.7983128215620915,<=,0.95,True
20260755,100,fraction_at_gross_cap,0.0,<=,0.75,True
20260755,100,gate_gross_mae,6.505598624547323e-08,<=,1e-05,True
20260755,100,mean_turnover,0.4718292820973632,<=,1.0,True
20260755,100,max_position_limit_violation,0.0,<=,1e-06,True
20260755,100,mean_normalized_direction_entropy,0.831740819231556,>=,0.7,True
20260755,100,q05_normalized_direction_entropy,0.7405183995714946,>=,0.5,True
20260755,100,mean_effective_positions,3.881030159791311,>=,2.5,True
20260756,100,mean_leverage_gate,0.8015355402727922,<=,0.95,True
20260756,100,fraction_at_gross_cap,0.0,<=,0.75,True
20260756,100,gate_gross_mae,7.04328219095866e-08,<=,1e-05,True
20260756,100,mean_turnover,0.6120604998427666,<=,1.0,True
20260756,100,max_position_limit_violation,0.0,<=,1e-06,True
20260756,100,mean_normalized_direction_entropy,0.8745775403127743,>=,0.7,True
20260756,100,q05_normalized_direction_entropy,0.8187231197315903,>=,0.5,True
20260756,100,mean_effective_positions,4.285774092078209,>=,2.5,True
20260757,100,mean_leverage_gate,0.7935104608039061,<=,0.95,True
20260757,100,fraction_at_gross_cap,0.0,<=,0.75,True
20260757,100,gate_gross_mae,6.534159183502197e-08,<=,1e-05,True
20260757,100,mean_turnover,0.5311798473000747,<=,1.0,True
20260757,100,max_position_limit_violation,0.0,<=,1e-06,True
20260757,100,mean_normalized_direction_entropy,0.8803325999733905,>=,0.7,True
20260757,100,q05_normalized_direction_entropy,0.8183152345287444,>=,0.5,True
20260757,100,mean_effective_positions,4.265367620488008,>=,2.5,True
20260758,100,mean_leverage_gate,0.7874779736747345,<=,0.95,True
20260758,100,fraction_at_gross_cap,0.0,<=,0.75,True
20260758,100,gate_gross_mae,6.98740283648173e-08,<=,1e-05,True
20260758,100,mean_turnover,0.6293995688373356,<=,1.0,True
20260758,100,max_position_limit_violation,0.0,<=,1e-06,True
20260758,100,mean_normalized_direction_entropy,0.8834949259005187,>=,0.7,True
20260758,100,q05_normalized_direction_entropy,0.785739115352136,>=,0.5,True
20260758,100,mean_effective_positions,4.359119566679001,>=,2.5,True
20260759,100,mean_leverage_gate,0.7994036033004522,<=,0.95,True
20260759,100,fraction_at_gross_cap,0.0,<=,0.75,True
20260759,100,gate_gross_mae,6.490697463353474e-08,<=,1e-05,True
20260759,100,mean_turnover,0.5977062215430419,<=,1.0,True
20260759,100,max_position_limit_violation,0.0,<=,1e-06,True
20260759,100,mean_normalized_direction_entropy,0.8394642818771202,>=,0.7,True
20260759,100,q05_normalized_direction_entropy,0.736373074964982,>=,0.5,True
20260759,100,mean_effective_positions,3.9936120505134265,>=,2.5,True
20260760,100,mean_leverage_gate,0.7946877731134494,<=,0.95,True
20260760,100,fraction_at_gross_cap,0.0,<=,0.75,True
20260760,100,gate_gross_mae,6.997336943944297e-08,<=,1e-05,True
20260760,100,mean_turnover,0.5714416332831163,<=,1.0,True
20260760,100,max_position_limit_violation,0.0,<=,1e-06,True
20260760,100,mean_normalized_direction_entropy,0.8590275718477011,>=,0.7,True
20260760,100,q05_normalized_direction_entropy,0.7754374266777431,>=,0.5,True
20260760,100,mean_effective_positions,4.124760654767354,>=,2.5,True
