seed,selection_record
20260741,"selection_mode=fixed_one_pass_validation_diagnostic_only
best_pass=1
best_validation_reward=0.211131809026
fit_episodes=37
all_history_episodes=61"
20260742,"selection_mode=fixed_one_pass_validation_diagnostic_only
best_pass=1
best_validation_reward=-0.0422270463639
fit_episodes=37
all_history_episodes=61"
20260743,"selection_mode=fixed_one_pass_validation_diagnostic_only
best_pass=1
best_validation_reward=0.247315850078
fit_episodes=37
all_history_episodes=61"
20260744,"selection_mode=fixed_one_pass_validation_diagnostic_only
best_pass=1
best_validation_reward=0.196910232458
fit_episodes=37
all_history_episodes=61"
20260745,"selection_mode=fixed_one_pass_validation_diagnostic_only
best_pass=1
best_validation_reward=-0.100269711804
fit_episodes=37
all_history_episodes=61"
20260746,"selection_mode=fixed_one_pass_validation_diagnostic_only
best_pass=1
best_validation_reward=-0.0769370676384
fit_episodes=37
all_history_episodes=61"
20260747,"selection_mode=fixed_one_pass_validation_diagnostic_only
best_pass=1
best_validation_reward=0.227342449755
fit_episodes=37
all_history_episodes=61"
20260748,"selection_mode=fixed_one_pass_validation_diagnostic_only
best_pass=1
best_validation_reward=0.166039556855
fit_episodes=37
all_history_episodes=61"
20260749,"selection_mode=fixed_one_pass_validation_diagnostic_only
best_pass=1
best_validation_reward=0.184155447996
fit_episodes=37
all_history_episodes=61"
20260750,"selection_mode=fixed_one_pass_validation_diagnostic_only
best_pass=1
best_validation_reward=0.0794362819116
fit_episodes=37
all_history_episodes=61"
20260751,"selection_mode=fixed_one_pass_validation_diagnostic_only
best_pass=1
best_validation_reward=0.000577149394408
fit_episodes=37
all_history_episodes=61"
20260752,"selection_mode=fixed_one_pass_validation_diagnostic_only
best_pass=1
best_validation_reward=0.152661850935
fit_episodes=37
all_history_episodes=61"
20260753,"selection_mode=fixed_one_pass_validation_diagnostic_only
best_pass=1
best_validation_reward=-0.123516714561
fit_episodes=37
all_history_episodes=61"
20260754,"selection_mode=fixed_one_pass_validation_diagnostic_only
best_pass=1
best_validation_reward=0.295147518167
fit_episodes=37
all_history_episodes=61"
20260755,"selection_mode=fixed_one_pass_validation_diagnostic_only
best_pass=1
best_validation_reward=0.254758725696
fit_episodes=37
all_history_episodes=61"
20260756,"selection_mode=fixed_one_pass_validation_diagnostic_only
best_pass=1
best_validation_reward=0.256631384848
fit_episodes=37
all_history_episodes=61"
20260757,"selection_mode=fixed_one_pass_validation_diagnostic_only
best_pass=1
best_validation_reward=0.235673583962
fit_episodes=37
all_history_episodes=61"
20260758,"selection_mode=fixed_one_pass_validation_diagnostic_only
best_pass=1
best_validation_reward=0.14620325032
fit_episodes=37
all_history_episodes=61"
20260759,"selection_mode=fixed_one_pass_validation_diagnostic_only
best_pass=1
best_validation_reward=0.171828598754
fit_episodes=37
all_history_episodes=61"
20260760,"selection_mode=fixed_one_pass_validation_diagnostic_only
best_pass=1
best_validation_reward=0.152896909947
fit_episodes=37
all_history_episodes=61"
