update,critic_loss,actor_loss,q1_mean,q2_mean,target_q_mean,twin_q_gap,critic_grad_norm,critic2_grad_norm,actor_grad_norm,actor_mean_leverage_gate,actor_mean_direction_entropy,actor_leverage_penalty,actor_mean_gross_exposure,actor_mean_max_abs_weight,actor_gate_gross_mae,critic_amp_scale,actor_amp_scale,stage,episode,step,pass
100,0.002299257554113865,-0.06812544912099838,0.0577244758605957,0.058013565838336945,0.05683908611536026,0.01707248017191887,0.011711180210113525,0.017346233129501343,0.006601892877370119,0.10187210887670517,1.1491376161575317,0.0,1.050935983657837,0.23196254670619965,1.0948861017823219e-07,1.0,1.0,pretrain,10,11,
200,0.002026053611189127,-0.06882109493017197,0.06044590473175049,0.05336540564894676,0.054638758301734924,0.01571151241660118,0.055251915007829666,0.014714041724801064,0.005664059426635504,0.10499575734138489,1.1454558372497559,0.0,1.0524978637695312,0.24920126795768738,1.0652001947164536e-07,1.0,1.0,pretrain,14,15,
300,0.002366358647122979,-0.06193743273615837,0.0554170235991478,0.05314892530441284,0.05296184495091438,0.01399000734090805,0.02567855827510357,0.019854562357068062,0.004700606223195791,0.10911402106285095,1.1392276287078857,0.0,1.0545570850372314,0.2593165636062622,1.1455267667770386e-07,1.0,1.0,pretrain,18,19,
400,0.0024146712385118008,-0.05386143550276756,0.046768952161073685,0.05057714506983757,0.045145414769649506,0.01278777327388525,0.017393622547388077,0.059401314705610275,0.0042452700436115265,0.11336398124694824,1.1345945596694946,0.0,1.0566819906234741,0.2807694673538208,1.0710209608078003e-07,1.0,1.0,pretrain,22,23,
500,0.0024510289076715708,-0.052854523062705994,0.044405125081539154,0.04284095764160156,0.048003628849983215,0.010892723686993122,0.03831698000431061,0.05682534724473953,0.005370197352021933,0.12016797810792923,1.1357052326202393,0.0,1.0600839853286743,0.3027080297470093,1.1944212019443512e-07,1.0,1.0,pretrain,27,3,
600,0.0026602563448250294,-0.06050726771354675,0.04883527755737305,0.05171232670545578,0.047679364681243896,0.011473778635263443,0.016119305044412613,0.046226292848587036,0.007271014153957367,0.12673839926719666,1.137451171875,0.0,1.0633692741394043,0.3062906861305237,1.0506482794880867e-07,1.0,1.0,pretrain,31,7,
700,0.0034426820930093527,-0.05646557733416557,0.04911943897604942,0.043278828263282776,0.045835383236408234,0.013036399148404598,0.03518594056367874,0.03462112694978714,0.007710940670222044,0.13302676379680634,1.1339761018753052,0.0,1.0665134191513062,0.29942792654037476,1.1466909199953079e-07,1.0,1.0,pretrain,35,11,
800,0.0027969027869403362,-0.060254503041505814,0.04780837148427963,0.05274360626935959,0.04782195761799812,0.011556988582015038,0.011216235347092152,0.05545308440923691,0.01007553655654192,0.14222097396850586,1.1262398958206177,0.0,1.071110486984253,0.2928028106689453,1.2177042663097382e-07,1.0,1.0,pretrain,39,15,
900,0.003231658134609461,-0.05902192369103432,0.04746409133076668,0.04356355220079422,0.044093918055295944,0.012041832320392132,0.03511745482683182,0.016692213714122772,0.009136869572103024,0.1542850136756897,1.1160777807235718,0.0,1.0771424770355225,0.30773577094078064,1.1583324521780014e-07,1.0,1.0,pretrain,43,19,
1000,0.0027918540872633457,-0.056951701641082764,0.04521988332271576,0.046732883900403976,0.042124904692173004,0.010432519018650055,0.029380865395069122,0.05420708656311035,0.012489192187786102,0.16892242431640625,1.1047494411468506,0.0,1.0844612121582031,0.33738964796066284,1.0489020496606827e-07,1.0,1.0,pretrain,47,23,
1100,0.0030892216600477695,-0.07061776518821716,0.054920315742492676,0.055106259882450104,0.05311642214655876,0.011649955064058304,0.022651169449090958,0.03171946480870247,0.012153851799666882,0.18677392601966858,1.0933984518051147,0.0,1.0933868885040283,0.3623136579990387,1.1746305972337723e-07,1.0,1.0,pretrain,52,3,
1200,0.001998936291784048,-0.06612256914377213,0.05196916311979294,0.05054568499326706,0.04907966032624245,0.0120900459587574,0.027170423418283463,0.029210543259978294,0.012507239356637001,0.20708823204040527,1.0833747386932373,0.0,1.1035441160202026,0.3851327896118164,1.2177042663097382e-07,1.0,1.0,pretrain,56,7,
1300,0.003192777745425701,-0.06311448663473129,0.046660806983709335,0.052523016929626465,0.047521527856588364,0.011753514409065247,0.018274283036589622,0.05732724815607071,0.012759455479681492,0.23339830338954926,1.0731594562530518,0.0,1.11669921875,0.4058643579483032,1.0139774531126022e-07,1.0,1.0,pretrain,60,11,
1400,0.003341289469972253,-0.0612458735704422,0.04982639104127884,0.047508399933576584,0.049024924635887146,0.012549873441457748,0.018074262887239456,0.02740083634853363,0.01051795482635498,0.26343584060668945,1.0639805793762207,0.0,1.1317179203033447,0.42363637685775757,1.1443626135587692e-07,1.0,1.0,pretrain,64,15,
1500,0.0021687266416847706,-0.05259566009044647,0.037186264991760254,0.03632704168558121,0.04597833752632141,0.011751429177820683,0.08302444964647293,0.10050927102565765,0.011077268980443478,0.2994271516799927,1.0553075075149536,0.0,1.1497136354446411,0.438739538192749,1.157168298959732e-07,1.0,1.0,pretrain,68,19,
1600,0.003430746728554368,-0.059193968772888184,0.05291934683918953,0.04373183101415634,0.04354678839445114,0.014572241343557835,0.08511859178543091,0.024569528177380562,0.01072133332490921,0.34553784132003784,1.0477068424224854,0.0,1.1727689504623413,0.453113853931427,1.1152587831020355e-07,1.0,1.0,pretrain,72,23,
1700,0.003242712002247572,-0.0714690089225769,0.057475876063108444,0.0580659955739975,0.05606592446565628,0.013662969693541527,0.02253754809498787,0.03051544353365898,0.01254027895629406,0.40559953451156616,1.039581298828125,0.0,1.2027997970581055,0.4663103222846985,1.1851079761981964e-07,1.0,1.0,pretrain,77,3,
1800,0.003689725650474429,-0.06225595995783806,0.049001023173332214,0.048965729773044586,0.04530268535017967,0.012888524681329727,0.03992834687232971,0.041947901248931885,0.012855193577706814,0.4798602759838104,1.031025767326355,0.0,1.2399301528930664,0.48094451427459717,1.0989606380462646e-07,1.0,1.0,pretrain,81,7,
1900,0.003284643404185772,-0.05560972914099693,0.04403519257903099,0.04145675152540207,0.04732983931899071,0.012893976643681526,0.03240504115819931,0.07184489816427231,0.012336214073002338,0.5541394352912903,1.0299735069274902,0.0,1.2770698070526123,0.49336352944374084,1.0710209608078003e-07,1.0,1.0,pretrain,85,11,
2000,0.0034056755248457193,-0.0638551414012909,0.050161778926849365,0.049528904259204865,0.05233839899301529,0.012162739410996437,0.028086794540286064,0.036756109446287155,0.012755976058542728,0.6278698444366455,1.0336865186691284,0.0,1.3139350414276123,0.5043359994888306,1.2014061212539673e-07,1.0,1.0,pretrain,89,15,
2100,0.0024300944060087204,-0.058552373200654984,0.0500752329826355,0.04970865324139595,0.04751492291688919,0.013827301561832428,0.02994796447455883,0.0338960699737072,0.012472818605601788,0.6982256174087524,1.0385618209838867,0.0,1.3491127490997314,0.5120953321456909,1.0663643479347229e-07,1.0,1.0,pretrain,93,19,
2200,0.0031910566613078117,-0.05069310963153839,0.03540903702378273,0.040128860622644424,0.046271029859781265,0.014325311407446861,0.10104864835739136,0.07652495801448822,0.011639950796961784,0.7605094909667969,1.0421504974365234,0.0,1.3802547454833984,0.519705057144165,1.1827796697616577e-07,1.0,1.0,pretrain,97,23,
2300,0.0039067454636096954,-0.0582643523812294,0.04430953413248062,0.04398614168167114,0.047272078692913055,0.013479596935212612,0.03187163174152374,0.04046036675572395,0.004826315678656101,0.8099420070648193,1.0469110012054443,0.00013324551400728524,1.4049710035324097,0.5264734029769897,1.2479722499847412e-07,1.0,1.0,pretrain,102,3,
2400,0.0021402190905064344,-0.05594048276543617,0.044292569160461426,0.042875587940216064,0.04595618322491646,0.01315259002149105,0.02166316658258438,0.038698792457580566,0.005545106250792742,0.8067975640296936,1.0541712045669556,8.891907054930925e-05,1.4033987522125244,0.5279844999313354,1.387670636177063e-07,1.0,1.0,pretrain,106,7,
2500,0.003332017920911312,-0.0608714334666729,0.047412317246198654,0.04960569739341736,0.037943385541439056,0.013648848980665207,0.0860988050699234,0.11855131387710571,0.004567298106849194,0.8071973919868469,1.0558338165283203,0.00011169967183377594,1.4035987854003906,0.5289777517318726,1.257285475730896e-07,1.0,1.0,pretrain,110,11,
2600,0.003109182696789503,-0.05744609609246254,0.04062488675117493,0.04276840388774872,0.04701227694749832,0.012487625703215599,0.05798838660120964,0.05080045759677887,0.005015924572944641,0.8047508597373962,1.0547747611999512,8.459163655061275e-05,1.4023754596710205,0.5278053879737854,1.1362135410308838e-07,1.0,1.0,pretrain,114,15,
2700,0.0025924360379576683,-0.0624292753636837,0.05130968242883682,0.0488661453127861,0.04330958425998688,0.012617266736924648,0.0701981633901596,0.05954725295305252,0.00450280262157321,0.8080623745918274,1.049661636352539,0.00015185493975877762,1.4040312767028809,0.5300394892692566,1.150183379650116e-07,1.0,1.0,pretrain,118,19,
2800,0.0028984169475734234,-0.052770379930734634,0.04032044857740402,0.037568677216768265,0.03768392279744148,0.014692043885588646,0.0303146131336689,0.01738867536187172,0.005345534533262253,0.8007819652557373,1.0482467412948608,0.00011554008233360946,1.4003909826278687,0.527208685874939,1.0943040251731873e-07,1.0,1.0,pretrain,122,23,
2900,0.00264104176312685,-0.05022237449884415,0.04197190701961517,0.04383130744099617,0.04407159984111786,0.012744346633553505,0.031002752482891083,0.02985333651304245,0.005196630954742432,0.8011742234230042,1.0460668802261353,0.00014299611211754382,1.4005870819091797,0.5287075042724609,1.2293457984924316e-07,1.0,1.0,pretrain,127,3,
3000,0.0030892295762896538,-0.04661428555846214,0.04036901518702507,0.03977522626519203,0.03932327404618263,0.013428383506834507,0.01939140073955059,0.02262631617486477,0.007579554338008165,0.7995010614395142,1.0469733476638794,0.0001600768737262115,1.3997504711151123,0.527334988117218,1.19674950838089e-07,1.0,1.0,pretrain,131,7,
3100,0.003336024470627308,-0.055029965937137604,0.044712793081998825,0.0470803864300251,0.04031342267990112,0.0146543113514781,0.043629251420497894,0.0774979442358017,0.005827174987643957,0.7898790836334229,1.0468875169754028,0.00013636445510201156,1.3949395418167114,0.5229587554931641,1.3224780559539795e-07,1.0,1.0,pretrain,135,11,
3200,0.002038502600044012,-0.058051351457834244,0.04796396568417549,0.0453273206949234,0.04295535385608673,0.012698255479335785,0.046947166323661804,0.03218821808695793,0.0035140635445713997,0.7806764841079712,1.0531961917877197,0.00011089212785009295,1.3903381824493408,0.5090104937553406,1.2014061212539673e-07,1.0,1.0,pretrain,139,15,
3300,0.002499011345207691,-0.054522957652807236,0.04340391606092453,0.04214085265994072,0.042864277958869934,0.011336587369441986,0.015861080959439278,0.0171356238424778,0.005345562472939491,0.7910382151603699,1.0487918853759766,0.00022195940255187452,1.3955191373825073,0.5178248286247253,1.1874362826347351e-07,1.0,1.0,pretrain,143,19,
3400,0.002753682667389512,-0.049763575196266174,0.04245142638683319,0.040412694215774536,0.04021168127655983,0.014489688910543919,0.025224164128303528,0.030524488538503647,0.004872090183198452,0.7809288501739502,1.0485386848449707,9.376835078001022e-05,1.390464425086975,0.5115628838539124,1.2060627341270447e-07,1.0,1.0,pretrain,147,23,
3500,0.0026065483689308167,-0.05556102469563484,0.04541241005063057,0.041559286415576935,0.04424286261200905,0.012639753520488739,0.017280656844377518,0.036608994007110596,0.016028549522161484,0.7865246534347534,1.0473089218139648,0.0001584169513080269,1.3932623863220215,0.5151138305664062,1.1594966053962708e-07,1.0,1.0,pretrain,152,3,
3600,0.0038922724779695272,-0.0442839190363884,0.03445136174559593,0.033580344170331955,0.027118945494294167,0.01603679358959198,0.06780299544334412,0.07371111959218979,0.0136564327403903,0.7823570966720581,1.0409996509552002,0.00019096405594609678,1.3911784887313843,0.5137691497802734,1.1082738637924194e-07,1.0,1.0,pretrain,156,7,
3700,0.002949234563857317,-0.04727165028452873,0.04218990355730057,0.036003477871418,0.03713233023881912,0.015015961602330208,0.05770612880587578,0.029430290684103966,0.011437755078077316,0.786770224571228,1.0366604328155518,0.00020696666615549475,1.3933851718902588,0.5131871700286865,1.2246891856193542e-07,1.0,1.0,pretrain,160,11,
3800,0.00233922409825027,-0.04547376558184624,0.03689297288656235,0.0418320968747139,0.036333389580249786,0.014437530189752579,0.017207810655236244,0.05997994914650917,0.014612645842134953,0.7809392809867859,1.0301576852798462,9.065101039595902e-05,1.3904696702957153,0.5159482955932617,1.2293457984924316e-07,1.0,1.0,pretrain,164,15,
3900,0.00307169696316123,-0.04322398826479912,0.03430000692605972,0.03337031975388527,0.03675909340381622,0.01344119943678379,0.03154739737510681,0.04164975509047508,0.00828013475984335,0.7881242036819458,1.026177167892456,0.00015644787345081568,1.3940620422363281,0.5147476196289062,1.1688098311424255e-07,1.0,1.0,pretrain,168,19,
4000,0.002423610771074891,-0.04693979024887085,0.03781607002019882,0.03710157424211502,0.03702477738261223,0.013333039358258247,0.017688428983092308,0.017827272415161133,0.005306888837367296,0.7838848829269409,1.0233433246612549,0.0001030243729474023,1.3919425010681152,0.5150609016418457,1.210719347000122e-07,1.0,1.0,pretrain,172,23,
4100,0.002280500018969178,-0.03747788444161415,0.02926011011004448,0.028030332177877426,0.03420116379857063,0.011954715475440025,0.051793888211250305,0.06582803279161453,0.0038632084615528584,0.7900305986404419,1.018247127532959,0.0001194615033455193,1.3950152397155762,0.5137380361557007,1.1641532182693481e-07,1.0,1.0,pretrain,177,3,
4200,0.002798288594931364,-0.03634852543473244,0.024203941226005554,0.0230233334004879,0.02996065840125084,0.014990500174462795,0.056769177317619324,0.06752774864435196,0.003338178154081106,0.7945994138717651,1.0084755420684814,0.00013738544657826424,1.3972997665405273,0.5240706205368042,1.2852251529693604e-07,1.0,1.0,pretrain,181,7,
4300,0.0026308060623705387,-0.03170926123857498,0.025525661185383797,0.02308037504553795,0.028794728219509125,0.013741591945290565,0.03537021204829216,0.06029313802719116,0.003254983574151993,0.7846038341522217,1.0143828392028809,0.00010067797848023474,1.3923019170761108,0.5180745124816895,1.2712553143501282e-07,1.0,1.0,pretrain,185,11,
4400,0.002472603227943182,-0.03229271247982979,0.02424573339521885,0.02044784091413021,0.02717316523194313,0.013859772123396397,0.02829229272902012,0.06812291592359543,0.005577382165938616,0.7913687229156494,1.0131001472473145,0.00014412091695703566,1.3956843614578247,0.5228558778762817,1.1362135410308838e-07,1.0,1.0,pretrain,189,15,
4500,0.002103411825373769,-0.04352368786931038,0.030546583235263824,0.02730097994208336,0.03156815841794014,0.013882538303732872,0.02269253320991993,0.04588085040450096,0.003242936683818698,0.7947039604187012,1.0091499090194702,0.00012518648873083293,1.3973519802093506,0.5227028131484985,1.2433156371116638e-07,1.0,1.0,pretrain,193,19,
4600,0.0023460309021174908,-0.02713175117969513,0.015780460089445114,0.016490474343299866,0.02354256808757782,0.015399625524878502,0.0730215311050415,0.07594193518161774,0.006493785884231329,0.7897096276283264,1.0043237209320068,0.0001294562389375642,1.3948547840118408,0.5268471837043762,1.2293457984924316e-07,1.0,1.0,pretrain,197,23,
4700,0.0020183625165373087,-0.029988374561071396,0.020676512271165848,0.02141631208360195,0.025280676782131195,0.01229697372764349,0.04929016903042793,0.042253877967596054,0.004163076169788837,0.7910803556442261,1.0036861896514893,9.970094833988696e-05,1.3955402374267578,0.5277448892593384,1.2898817658424377e-07,1.0,1.0,pretrain,202,3,
4800,0.0019221451366320252,-0.0408349335193634,0.03155001997947693,0.02774636447429657,0.032891664654016495,0.013124738819897175,0.022639017552137375,0.054506685584783554,0.0021835986990481615,0.8010315895080566,0.9887282848358154,0.00013437650341074914,1.4005157947540283,0.5372300744056702,1.1594966053962708e-07,1.0,1.0,pretrain,206,7,
4900,0.002804317744448781,-0.03134167566895485,0.024321142584085464,0.021103210747241974,0.027273675426840782,0.012999894097447395,0.03633801266551018,0.06130485236644745,0.002660338766872883,0.7979673147201538,0.9915164709091187,0.00011339675984345376,1.3989837169647217,0.5357311964035034,1.2200325727462769e-07,1.0,1.0,pretrain,210,11,
5000,0.002727162092924118,-0.028422927483916283,0.01576937735080719,0.020047608762979507,0.020743396133184433,0.015515020117163658,0.04884598031640053,0.02448911964893341,0.0036492892540991306,0.7954736948013306,0.9954081177711487,0.0001495715114288032,1.39773690700531,0.5303483009338379,1.2200325727462769e-07,1.0,1.0,pretrain,214,15,
5100,0.0026518465019762516,-0.028534291312098503,0.01835702359676361,0.021871771663427353,0.022012826055288315,0.012754525989294052,0.03480998054146767,0.020039208233356476,0.002763239201158285,0.7994158267974854,0.9812420606613159,0.0001351047249045223,1.3997079133987427,0.5413541793823242,1.1594966053962708e-07,1.0,1.0,pretrain,218,19,
5200,0.002639321144670248,-0.030627189204096794,0.01855180412530899,0.016386456787586212,0.02136552706360817,0.012354178354144096,0.03469015285372734,0.05317007377743721,0.002710153115913272,0.8028362989425659,0.9820147752761841,0.00016886350931599736,1.4014182090759277,0.5410902500152588,1.2665987014770508e-07,1.0,1.0,pretrain,222,23,
5300,0.0026585557498037815,-0.029901331290602684,0.024702973663806915,0.023227527737617493,0.018890896812081337,0.013811321929097176,0.056442197412252426,0.048528801649808884,0.0029140410479158163,0.7981249094009399,0.9800359010696411,0.00015964984777383506,1.3990623950958252,0.5408417582511902,1.210719347000122e-07,1.0,1.0,pretrain,227,3,
5400,0.0033597731962800026,-0.028484417125582695,0.023509949445724487,0.02017916925251484,0.014925550669431686,0.015043732710182667,0.08234728127717972,0.0570303350687027,0.002083183964714408,0.8034359812736511,0.9774752259254456,0.00012484329636208713,1.401718020439148,0.5399090647697449,1.1920928955078125e-07,1.0,1.0,pretrain,231,7,
5500,0.002641247119754553,-0.0383596271276474,0.030060453340411186,0.029665596783161163,0.02165868505835533,0.01335970126092434,0.07586907595396042,0.0791226476430893,0.0031418486032634974,0.803888201713562,0.9705084562301636,0.0001537851640023291,1.4019441604614258,0.5412508249282837,1.2014061212539673e-07,1.0,1.0,pretrain,235,11,
5600,0.003453584387898445,-0.0339529886841774,0.026365619152784348,0.0298252422362566,0.011550426483154297,0.013331837952136993,0.13219010829925537,0.1782914698123932,0.005802328698337078,0.8010823726654053,0.9678714275360107,0.00012887113553006202,1.4005411863327026,0.5455189943313599,1.1920928955078125e-07,1.0,1.0,pretrain,239,15,
5700,0.0030371665488928556,-0.02179419808089733,0.008867159485816956,0.012440338730812073,0.018172498792409897,0.013681306503713131,0.09317589551210403,0.06278626620769501,0.006959283258765936,0.8017513751983643,0.9748244285583496,0.00013202408445067704,1.4008756875991821,0.5423334240913391,1.2526288628578186e-07,1.0,1.0,pretrain,243,19,
5800,0.0019160263473168015,-0.024287112057209015,0.014198655262589455,0.014958231709897518,0.01728750951588154,0.01304931752383709,0.030407637357711792,0.03037414886057377,0.004144670441746712,0.794094443321228,0.9875378608703613,9.78970347205177e-05,1.3970472812652588,0.538794755935669,1.1315569281578064e-07,1.0,1.0,pretrain,247,23,
5900,0.002081873593851924,-0.0207463838160038,0.014098664745688438,0.014789987355470657,0.011624135076999664,0.013707843609154224,0.02899930439889431,0.043158095329999924,0.0035542314872145653,0.793526291847229,1.0060465335845947,0.00012444300227798522,1.3967632055282593,0.5270326733589172,1.1408701539039612e-07,1.0,1.0,pretrain,252,3,
6000,0.002185744931921363,-0.021155141294002533,0.01175528671592474,0.011861158534884453,0.01267087273299694,0.01414458081126213,0.018111566081643105,0.019972186535596848,0.004974900744855404,0.7961089015007019,1.009678840637207,0.00017790799029171467,1.3980544805526733,0.528052806854248,1.2433156371116638e-07,1.0,1.0,pretrain,256,7,
6100,0.002869143383577466,-0.018139652907848358,0.010833016596734524,0.009620045311748981,0.009853212162852287,0.014970134943723679,0.023562341928482056,0.024587614461779594,0.007285712286829948,0.7932206392288208,1.0201539993286133,0.00011387655104044825,1.3966103792190552,0.5248627662658691,1.1129304766654968e-07,1.0,1.0,pretrain,260,11,
6200,0.0017060348764061928,-0.016977861523628235,0.007797955069690943,0.008358485996723175,0.011859660036861897,0.013276800513267517,0.03999796137213707,0.04058835282921791,0.003991417586803436,0.7961999177932739,1.0278562307357788,0.00019304495071992278,1.3980998992919922,0.5188795924186707,1.126900315284729e-07,1.0,1.0,pretrain,264,15,
6300,0.0023032729513943195,-0.018138211220502853,0.010042118839919567,0.008772947825491428,0.014438259415328503,0.014545709826052189,0.04553832858800888,0.060920704156160355,0.00505733210593462,0.7876559495925903,1.0407397747039795,0.0001323193428106606,1.39382803440094,0.5105197429656982,1.1781230568885803e-07,1.0,1.0,pretrain,268,19,
6400,0.0027933046221733093,-0.020649299025535583,0.009649993851780891,0.011076295748353004,0.004554334096610546,0.014061953872442245,0.05662119761109352,0.07317186892032623,0.006577115505933762,0.7936062812805176,1.0339792966842651,0.00011594637180678546,1.3968031406402588,0.5226483345031738,9.592622518539429e-08,1.0,1.0,pretrain,272,23,
6500,0.0030913781374692917,-0.020298074930906296,0.00981292687356472,0.014839552342891693,0.005406166426837444,0.014391139149665833,0.04727310687303543,0.09591600298881531,0.009158698841929436,0.7956265211105347,1.0221437215805054,0.0001206874439958483,1.397813320159912,0.5429790019989014,1.30385160446167e-07,1.0,1.0,pretrain,277,3,
6600,0.0025478401221334934,-0.015251756645739079,0.01252707652747631,0.01601858250796795,0.0039079501293599606,0.013038343749940395,0.0739869624376297,0.11928382515907288,0.0032468168064951897,0.7928659319877625,1.0197806358337402,6.651607691310346e-05,1.3964329957962036,0.5400882363319397,1.1734664440155029e-07,1.0,1.0,pretrain,281,7,
6700,0.00245862128213048,-0.02221161685883999,0.01213659904897213,0.011118295602500439,0.01733488216996193,0.012994412332773209,0.05103679746389389,0.06681213527917862,0.0026201677974313498,0.7972332239151001,1.012948989868164,6.528649828396738e-05,1.3986166715621948,0.5507949590682983,1.1827796697616577e-07,1.0,1.0,pretrain,285,11,
6800,0.002554674167186022,-0.02431638538837433,0.014841970056295395,0.015642298385500908,0.018901273608207703,0.01429729163646698,0.03843093663454056,0.034107476472854614,0.006624674424529076,0.795195460319519,1.0131938457489014,0.00010654058132786304,1.3975977897644043,0.545560359954834,1.150183379650116e-07,1.0,1.0,pretrain,289,15,
6900,0.0029541021212935448,-0.01651758886873722,0.00936819240450859,0.007953585125505924,0.005329638719558716,0.015772037208080292,0.044141050428152084,0.03916660696268082,0.008349222131073475,0.7894095778465271,1.01740300655365,9.976152068702504e-05,1.394704818725586,0.5374053120613098,1.2014061212539673e-07,1.0,1.0,pretrain,293,19,
7000,0.0030843315180391073,-0.015990858897566795,0.013721645809710026,0.015012312680482864,0.004935160279273987,0.014030925929546356,0.07772146165370941,0.10003802925348282,0.00421152776107192,0.7959002256393433,1.007772445678711,0.00014438139623962343,1.3979501724243164,0.5454736948013306,1.1362135410308838e-07,1.0,1.0,pretrain,297,23,
7100,0.002849533688277006,-0.021640878170728683,0.008947132155299187,0.008551638573408127,0.010520761832594872,0.01359950378537178,0.02366890199482441,0.0318739116191864,0.00827623251825571,0.7918223142623901,1.020519733428955,0.0001702462905086577,1.3959112167358398,0.5284552574157715,1.0244548320770264e-07,1.0,1.0,pretrain,302,3,
7200,0.0027444320730865,-0.013407806865870953,0.008154398761689663,0.0028360867872834206,0.003924863412976265,0.014080068096518517,0.0426817387342453,0.033333033323287964,0.010638664476573467,0.7852655649185181,1.0304362773895264,0.0001080661459127441,1.3926327228546143,0.5124169588088989,1.1781230568885803e-07,1.0,1.0,pretrain,306,7,
7300,0.002641717903316021,-0.01776624284684658,0.012717372737824917,0.013259392231702805,0.007591730915009975,0.014244540594518185,0.05572362244129181,0.06756226718425751,0.003911824896931648,0.7891569137573242,1.0365614891052246,0.00010264689626637846,1.394578456878662,0.5086015462875366,1.1548399925231934e-07,1.0,1.0,pretrain,310,11,
7400,0.00267414771951735,-0.013904859311878681,0.008003633469343185,0.007014642935246229,0.005300678312778473,0.014447036199271679,0.029762161895632744,0.029762547463178635,0.006129307206720114,0.7846459150314331,1.0469245910644531,0.00017647779895924032,1.3923230171203613,0.4865598678588867,1.19674950838089e-07,1.0,1.0,pretrain,314,15,
7500,0.0021467008627951145,-0.018339140340685844,0.007906360551714897,0.005268723703920841,0.00636874558404088,0.014970352873206139,0.02105402760207653,0.02290581353008747,0.011695810593664646,0.7899502515792847,1.0404694080352783,0.00014311513223219663,1.394975185394287,0.4990079998970032,1.2246891856193542e-07,1.0,1.0,pretrain,318,19,
7600,0.0021883505396544933,-0.0054341633804142475,-0.0026276269927620888,0.0009731152094900608,-0.00029511842876672745,0.013516426086425781,0.029674969613552094,0.024685189127922058,0.004495721776038408,0.794628918170929,1.0339841842651367,0.00012090978998458013,1.3973145484924316,0.5097332000732422,1.2712553143501282e-07,1.0,1.0,pretrain,322,23,
7700,0.002763396594673395,-0.004530848003923893,-0.0010241433046758175,-0.007774658966809511,0.00011896411888301373,0.016436219215393066,0.029799917712807655,0.084258072078228,0.004308103583753109,0.7974745631217957,1.0331265926361084,0.00016574424807913601,1.3987373113632202,0.503937304019928,1.257285475730896e-07,1.0,1.0,pretrain,327,3,
7800,0.002154644811525941,-0.008976476266980171,0.0010266967583447695,0.0029221370350569487,0.00146616087295115,0.01585179939866066,0.0232890322804451,0.02585655450820923,0.006727420724928379,0.7960555553436279,1.024301290512085,0.00011849679140141234,1.398027777671814,0.5284053683280945,1.2526288628578186e-07,1.0,1.0,pretrain,331,7,
7900,0.0023437896743416786,-0.01146638672798872,0.007005976513028145,0.0007331952219828963,0.003041161922737956,0.01442755851894617,0.03739600628614426,0.0351242870092392,0.010394755750894547,0.7863173484802246,1.028214693069458,9.185763337882236e-05,1.3931586742401123,0.5117368698120117,1.2386590242385864e-07,1.0,1.0,pretrain,335,11,
8000,0.0019856502767652273,-0.012944048270583153,0.0006084052729420364,0.004726235754787922,0.0066803814843297005,0.0141599765047431,0.06036487966775894,0.0271342433989048,0.008058234117925167,0.7946925163269043,1.0301856994628906,0.00014996263780631125,1.3973462581634521,0.5056445598602295,1.1548399925231934e-07,1.0,1.0,pretrain,339,15,
8100,0.0027693691663444042,-0.014152723364531994,0.005717191845178604,0.0036591393873095512,0.0006800885312259197,0.01472549233585596,0.0479605458676815,0.036495011299848557,0.005773015320301056,0.7948564291000366,1.0279948711395264,0.00014865615230519325,1.397428274154663,0.5144106149673462,1.3224780559539795e-07,1.0,1.0,pretrain,343,19,
8200,0.0025832417886704206,-0.008265401236712933,-0.0029264353215694427,-0.0035058038774877787,0.0024405643343925476,0.01357695460319519,0.05101725086569786,0.0650566965341568,0.004492536187171936,0.7965076565742493,1.0251308679580688,0.0001685381430434063,1.3982539176940918,0.5180719494819641,1.1827796697616577e-07,1.0,1.0,pretrain,347,23,
8300,0.0019738501869142056,-0.008722350932657719,-0.0009057155693881214,-0.0019349991343915462,-0.000827224925160408,0.015233676880598068,0.025026610121130943,0.023359248414635658,0.019780496135354042,0.7988263964653015,1.026686668395996,0.00021218080655671656,1.3994132280349731,0.5040238499641418,1.2200325727462769e-07,1.0,1.0,pretrain,352,3,
8400,0.002924221334978938,0.003113759681582451,-0.010796711780130863,-0.006573228165507317,0.0025797830894589424,0.014172401279211044,0.11519882827997208,0.09244213998317719,0.012854411266744137,0.7967225909233093,1.0221107006072998,0.00015215924941003323,1.3983612060546875,0.5219825506210327,1.2246891856193542e-07,1.0,1.0,pretrain,356,7,
8500,0.002920675091445446,-0.009355142712593079,-7.121730595827103e-05,-0.0008889838354662061,-0.0030838805250823498,0.016369298100471497,0.03713402897119522,0.04499206319451332,0.009960000403225422,0.7934877276420593,1.0243644714355469,0.00012683474051300436,1.396743893623352,0.5203295946121216,1.1408701539039612e-07,1.0,1.0,pretrain,360,11,
8600,0.0022980624344199896,-0.008783480152487755,-0.0010761166922748089,0.003738157683983445,0.0020918729715049267,0.013762284070253372,0.031409695744514465,0.029038919135928154,0.00649985671043396,0.7959690690040588,1.026043176651001,0.00015974199050106108,1.397984504699707,0.5120291709899902,1.210719347000122e-07,1.0,1.0,pretrain,364,15,
8700,0.00304330512881279,-0.004042575601488352,-0.0017194049432873726,-0.005695628002285957,-0.0007746832561679184,0.014466321095824242,0.021742915734648705,0.05345969274640083,0.00952623039484024,0.7916320562362671,1.026419997215271,0.00011521735723363236,1.3958160877227783,0.5111618638038635,1.1362135410308838e-07,1.0,1.0,pretrain,368,19,
8800,0.003947355318814516,0.0028219346422702074,-0.008548188023269176,-0.007824964821338654,-0.014601534232497215,0.013662380166351795,0.0545695424079895,0.08080175518989563,0.0076354872435331345,0.7851065397262573,1.0236034393310547,0.00013717367255594581,1.3925533294677734,0.5087156295776367,1.0384246706962585e-07,1.0,1.0,pretrain,372,23,
8900,0.002458102535456419,-0.012408901937305927,0.005255982745438814,0.0033357450738549232,0.001577415969222784,0.015157104469835758,0.04232606664299965,0.025844145566225052,0.009340684860944748,0.7916158437728882,1.0224671363830566,0.0001390680845361203,1.3958078622817993,0.5137975215911865,1.0896474123001099e-07,1.0,1.0,pretrain,377,3,
9000,0.0025180247612297535,-0.010589415207505226,0.0006733530899509788,0.006419872399419546,-0.003012903733178973,0.014015475288033485,0.04028929024934769,0.09161092340946198,0.022928621619939804,0.790624737739563,1.0203626155853271,0.00013901783677283674,1.3953124284744263,0.5171300172805786,1.2759119272232056e-07,1.0,1.0,pretrain,381,7,
9100,0.002231433056294918,-0.007440865971148014,-0.0018330046441406012,0.0024140095338225365,-0.001855508890002966,0.014738611876964569,0.024579057469964027,0.05060013756155968,0.010352886281907558,0.7873619794845581,1.0240676403045654,0.00012196660827612504,1.3936810493469238,0.5045825242996216,1.1734664440155029e-07,1.0,1.0,pretrain,385,11,
9200,0.002270318102091551,-0.011733264662325382,0.0033232092391699553,0.005103462375700474,0.0027579921297729015,0.014153270982205868,0.03659043461084366,0.03991148620843887,0.008569207042455673,0.7868436574935913,1.0189712047576904,0.0001746674533933401,1.3934218883514404,0.5133969783782959,1.3504177331924438e-07,1.0,1.0,pretrain,389,15,
9300,0.0033360812813043594,-0.005416786763817072,0.0037277936935424805,0.0058018481358885765,-0.005227790214121342,0.015003126114606857,0.08559533208608627,0.11477208137512207,0.009192484430968761,0.7887773513793945,1.0158588886260986,0.00016816219431348145,1.3943886756896973,0.5042760968208313,1.1781230568885803e-07,1.0,1.0,pretrain,393,19,
9400,0.002884134417399764,-0.00349600100889802,-0.008683825843036175,-0.004399852827191353,-0.005585865583270788,0.016640765592455864,0.03538868576288223,0.03420476242899895,0.014142807573080063,0.7860218286514282,1.011817455291748,8.097408135654405e-05,1.3930108547210693,0.5033091902732849,1.0384246706962585e-07,1.0,1.0,pretrain,397,23,
9500,0.002472172724083066,0.0022456629667431116,-0.013043086044490337,-0.012473810464143753,-0.004936841782182455,0.014400784857571125,0.07239458709955215,0.0740637257695198,0.010461616329848766,0.7885395288467407,1.0056532621383667,8.228654769482091e-05,1.3942697048187256,0.507757306098938,1.126900315284729e-07,1.0,1.0,pretrain,402,3,
9600,0.00393251609057188,-0.005520134698599577,-0.0019409183878451586,3.239233046770096e-05,-0.007478958461433649,0.015091948211193085,0.04935121536254883,0.07695801556110382,0.0068569728173315525,0.7926347255706787,0.9891984462738037,0.00013892154674977064,1.396317481994629,0.5185419321060181,1.234002411365509e-07,1.0,1.0,pretrain,406,7,
9700,0.0028952471911907196,0.00336548057384789,-0.013620850630104542,-0.008760029450058937,-0.002637885045260191,0.014001207426190376,0.09936313331127167,0.06487679481506348,0.005006537307053804,0.7931246757507324,0.9894939661026001,0.0001418152533005923,1.3965623378753662,0.5072329044342041,1.2991949915885925e-07,1.0,1.0,pretrain,410,11,
9800,0.0025676717050373554,-0.0024007465690374374,-0.00888813566416502,-0.008893603459000587,-0.00822970736771822,0.014268038794398308,0.02400992438197136,0.032068632543087006,0.010891905054450035,0.7943896055221558,0.9906789064407349,0.00020240232697688043,1.3971948623657227,0.5027636289596558,1.210719347000122e-07,1.0,1.0,pretrain,414,15,
9900,0.0033914363011717796,-0.010543554089963436,0.003601853735744953,0.0012957872822880745,-0.002814983483403921,0.015820326283574104,0.054856110364198685,0.046323277056217194,0.011957733891904354,0.7911988496780396,0.9884259104728699,9.27564688026905e-05,1.395599365234375,0.4959781765937805,1.2712553143501282e-07,1.0,1.0,pretrain,418,19,
10000,0.0034223056863993406,-0.009207136929035187,0.00326677318662405,-0.002394531387835741,-0.0022276078816503286,0.013785169459879398,0.0567273274064064,0.02944784238934517,0.007014751899987459,0.7923582196235657,0.9883966445922852,0.00016227230662479997,1.3961790800094604,0.4955931603908539,1.2759119272232056e-07,1.0,1.0,pretrain,422,23,
10100,0.0025852215476334095,-0.0036244785878807306,-0.005524258594959974,-0.0044660260900855064,-0.0068358611315488815,0.014314988628029823,0.023681096732616425,0.028944453224539757,0.02087267115712166,0.7885178327560425,0.995978593826294,0.0001294637768296525,1.394258975982666,0.48235023021698,1.1408701539039612e-07,1.0,1.0,pretrain,427,3,
10200,0.002906006993725896,-0.0014930429169908166,-0.004346651490777731,-0.0047669243067502975,-0.010064216330647469,0.013092994689941406,0.04997963458299637,0.05977477505803108,0.011558745056390762,0.7906138896942139,0.9840589165687561,0.00010648303577909246,1.395306944847107,0.4911664128303528,1.103617250919342e-07,1.0,1.0,pretrain,431,7,
10300,0.0024829874746501446,0.005882681347429752,-0.014023272320628166,-0.008673079311847687,-0.01435302197933197,0.01540482509881258,0.02842525579035282,0.058278631418943405,0.01382507849484682,0.7942084074020386,0.9997479915618896,0.00017739474424161017,1.397104263305664,0.47914108633995056,1.210719347000122e-07,1.0,1.0,pretrain,435,11,
10400,0.0029652281664311886,0.0010630746837705374,-0.007761981338262558,-0.0062640937976539135,-0.012386791408061981,0.013621712103486061,0.04819955676794052,0.06292763352394104,0.013123927637934685,0.7939728498458862,0.970167338848114,0.00011531906784512103,1.396986484527588,0.5046129822731018,1.2246891856193542e-07,1.0,1.0,pretrain,439,15,
10500,0.0027171634137630463,-0.000580706400796771,-0.010749565437436104,-0.004382862243801355,-0.004310649819672108,0.015258693136274815,0.05562058836221695,0.03250760957598686,0.011815362609922886,0.7971761226654053,0.9698282480239868,0.00012978268205188215,1.3985880613327026,0.5009479522705078,1.2433156371116638e-07,1.0,1.0,pretrain,443,19,
10600,0.001993998419493437,-0.00017486675642430782,-0.00984722375869751,-0.004212068393826485,-0.006805730052292347,0.013068879023194313,0.03653642535209656,0.03229193761944771,0.01942092552781105,0.7966972589492798,0.9581528902053833,0.0001553828187752515,1.3983485698699951,0.5136414766311646,1.257285475730896e-07,1.0,1.0,pretrain,447,23,
10700,0.002592062344774604,-0.00399469118565321,-0.005790324881672859,-0.005621197167783976,0.0017750964034348726,0.014239238575100899,0.06805960834026337,0.07458220422267914,0.0157468281686306,0.7993807792663574,0.9482108354568481,0.00017606347682885826,1.3996903896331787,0.5202615261077881,1.1827796697616577e-07,1.0,1.0,pretrain,452,3,
10800,0.0017518567619845271,0.0002493754727765918,-0.009516256861388683,-0.008896760642528534,-0.006371861789375544,0.013524699956178665,0.03343638405203819,0.03989748656749725,0.00687081553041935,0.7913913726806641,0.9509484767913818,0.0001363786868751049,1.395695686340332,0.5212810039520264,1.210719347000122e-07,1.0,1.0,pretrain,456,7,
10900,0.002584603615105152,0.004960889928042889,-0.009846237488090992,-0.012660430744290352,-0.010935662314295769,0.014936301857233047,0.02825224958360195,0.038078423589468,0.006015845108777285,0.7971599102020264,0.9484317302703857,0.0001546778657939285,1.3985800743103027,0.5245795845985413,1.1688098311424255e-07,1.0,1.0,pretrain,460,11,
11000,0.0029208215419203043,-0.005000781267881393,-0.002817785833030939,-0.003793648909777403,-0.0056093605235219,0.014175016433000565,0.03738457337021828,0.03193589299917221,0.011792958714067936,0.7990459203720093,0.939765453338623,0.00020185855100862682,1.3995230197906494,0.5264544486999512,1.0943040251731873e-07,1.0,1.0,pretrain,464,15,
11100,0.0030118897557258606,-0.002001069951802492,-0.0048102810978889465,-0.006055264268070459,-0.006248879246413708,0.01507719699293375,0.022374657914042473,0.029468022286891937,0.018497256562113762,0.792378306388855,0.9531445503234863,0.00010584518895484507,1.3961892127990723,0.5242589712142944,1.1734664440155029e-07,1.0,1.0,pretrain,468,19,
11200,0.0023533771745860577,0.002140991622582078,-0.011822640895843506,-0.015438951551914215,-0.012177341617643833,0.015053577721118927,0.04065830633044243,0.044437967240810394,0.011081858538091183,0.7979661822319031,0.9581285715103149,0.00012642762158066034,1.398983120918274,0.5145806074142456,1.2386590242385864e-07,1.0,1.0,pretrain,472,23,
11300,0.0022906551603227854,0.008965212851762772,-0.0167953222990036,-0.015434122644364834,-0.013739929534494877,0.016813423484563828,0.03231216222047806,0.03358179330825806,0.005749098490923643,0.7988689541816711,0.9504403471946716,0.00014253721747081727,1.3994345664978027,0.5240573287010193,1.1408701539039612e-07,1.0,1.0,pretrain,477,3,
11400,0.002330143703147769,-0.0038121496327221394,-0.004388152621686459,-0.008249083533883095,-0.009959775023162365,0.013202081434428692,0.055575981736183167,0.03368756175041199,0.010896178893744946,0.7968393564224243,0.9574905633926392,0.0001689479104243219,1.3984196186065674,0.530742883682251,1.2712553143501282e-07,1.0,1.0,pretrain,481,7,
11500,0.0029418240301311016,0.009430397301912308,-0.01550322026014328,-0.013563951477408409,-0.010816944763064384,0.015223938971757889,0.05190674588084221,0.03818826004862785,0.01981097273528576,0.7913731932640076,0.9668641090393066,0.0001114637270802632,1.3956866264343262,0.5211645364761353,1.2153759598731995e-07,1.0,1.0,pretrain,485,11,
11600,0.0027189510874450207,-0.0016804784536361694,-0.009616652503609657,-0.007473032921552658,-0.012600663118064404,0.01686595380306244,0.0313626192510128,0.0542164146900177,0.007376795634627342,0.798743486404419,0.954513430595398,0.0001458272454328835,1.399371862411499,0.5228887796401978,1.2014061212539673e-07,1.0,1.0,pretrain,489,15,
11700,0.002593930810689926,-0.004893261939287186,-0.005439641419798136,-0.003921101335436106,-0.008014541119337082,0.014468914829194546,0.034881237894296646,0.04567256197333336,0.020040173083543777,0.7955259680747986,0.9561776518821716,0.0001057927729561925,1.3977630138397217,0.5232794880867004,1.1408701539039612e-07,1.0,1.0,pretrain,493,19,
11800,0.00253096385858953,0.004383448511362076,-0.012524643912911415,-0.00934627279639244,-0.012579413130879402,0.012788999825716019,0.03177330642938614,0.045900579541921616,0.008849402889609337,0.795427680015564,0.9597849249839783,0.00012962441542185843,1.3977138996124268,0.5203784704208374,1.2665987014770508e-07,1.0,1.0,pretrain,497,23,
11900,0.002590550109744072,0.010359988547861576,-0.019251789897680283,-0.018834786489605904,-0.017718011513352394,0.013997917994856834,0.02647331915795803,0.034039635211229324,0.010181290097534657,0.7968048453330994,0.9642190933227539,0.00016291660722345114,1.398402452468872,0.5131783485412598,1.1920928955078125e-07,1.0,1.0,pretrain,502,3,
12000,0.002274532802402973,0.0011309093097224832,-0.014116048812866211,-0.012344315648078918,-0.009818555787205696,0.016421377658843994,0.04839511215686798,0.03353753313422203,0.013534490019083023,0.7933321595191956,0.981752872467041,0.00011077579983975738,1.3966660499572754,0.5083211660385132,1.210719347000122e-07,1.0,1.0,pretrain,506,7,
12100,0.003016314934939146,-0.005041099153459072,-0.003369278507307172,0.00015290151350200176,-0.013103379867970943,0.014133855700492859,0.08143392205238342,0.13215994834899902,0.0082808593288064,0.799913227558136,0.9701682925224304,0.00015251240984071046,1.3999567031860352,0.5226442217826843,1.1548399925231934e-07,1.0,1.0,pretrain,510,11,
12200,0.0027482956647872925,0.0019277852261438966,-0.012022851966321468,-0.01008293591439724,-0.01433345302939415,0.0156598798930645,0.034406550228595734,0.05142660439014435,0.00884966179728508,0.799175500869751,0.9706169962882996,0.00012660634820349514,1.3995877504348755,0.5246923565864563,1.150183379650116e-07,1.0,1.0,pretrain,514,15,
12300,0.0026807310059666634,8.794570021564141e-05,-0.008755907416343689,-0.0096522755920887,-0.007289467379450798,0.015138095244765282,0.03958047553896904,0.04470201954245567,0.01696063205599785,0.7989734411239624,0.9561783075332642,0.00014397493214346468,1.399486780166626,0.5304361581802368,1.3131648302078247e-07,1.0,1.0,pretrain,518,19,
12400,0.002365757944062352,-0.000845377508085221,-0.0073234885931015015,-0.005813380237668753,-0.009515166282653809,0.013860625214874744,0.027879610657691956,0.05115745589137077,0.008497260510921478,0.7949054837226868,0.9470833539962769,8.245118078775704e-05,1.397452712059021,0.5328875184059143,1.2293457984924316e-07,1.0,1.0,pretrain,522,23,
12500,0.003399573266506195,0.0027745526749640703,-0.010220365598797798,-0.00902177207171917,-0.011434778571128845,0.015024314634501934,0.022423096001148224,0.0488421693444252,0.015847213566303253,0.7984035611152649,0.9686036109924316,0.0001462238869862631,1.39920175075531,0.5191712975502014,1.1827796697616577e-07,1.0,1.0,pretrain,527,3,
12600,0.0028833961114287376,0.009608726017177105,-0.016163388267159462,-0.017080476507544518,-0.011008922010660172,0.015123778954148293,0.05419102683663368,0.0661764144897461,0.01370344776660204,0.7965950965881348,0.970916748046875,0.00015684711979702115,1.3982975482940674,0.5238959789276123,1.2293457984924316e-07,1.0,1.0,pretrain,531,7,
12700,0.002986338920891285,0.0001434335863450542,-0.008062777109444141,-0.004790015984326601,-0.006576692219823599,0.014226783998310566,0.029160864651203156,0.03649838641285896,0.007492098957300186,0.7979912757873535,0.9596835374832153,0.0001678658154560253,1.3989956378936768,0.5334330797195435,1.1455267667770386e-07,1.0,1.0,pretrain,535,11,
12800,0.002128442283719778,-1.5690267900936306e-05,-0.006722978316247463,-0.004893091507256031,-0.0007647916208952665,0.015751425176858902,0.05384403467178345,0.05324734002351761,0.007647354621440172,0.800804853439331,0.9596419334411621,0.00015924015315249562,1.400402307510376,0.5287902355194092,1.1222437024116516e-07,1.0,1.0,pretrain,539,15,
12900,0.0030719218775629997,0.011076360009610653,-0.015365985222160816,-0.016780273988842964,-0.01742343045771122,0.01450103335082531,0.03255224600434303,0.028063438832759857,0.019910434260964394,0.7990803122520447,0.9524632096290588,0.00014465072308667004,1.3995401859283447,0.5400543212890625,1.2153759598731995e-07,1.0,1.0,pretrain,543,19,
13000,0.00255434843711555,-0.0014370050048455596,-0.005609559826552868,-0.0004579758970066905,-0.007047372870147228,0.014633540995419025,0.026471445336937904,0.0739683210849762,0.011834404431283474,0.7928045988082886,0.947723388671875,9.790596959646791e-05,1.396402359008789,0.5305213928222656,1.1688098311424255e-07,1.0,1.0,pretrain,547,23,
13100,0.0033575717825442553,0.005295200739055872,-0.015885459259152412,-0.01914370059967041,-0.014132929034531116,0.014164511114358902,0.039474643766880035,0.06647869199514389,0.01824323832988739,0.8009899854660034,0.9490162134170532,0.0002228901576017961,1.4004950523376465,0.5335341691970825,1.2665987014770508e-07,1.0,1.0,pretrain,552,3,
13200,0.0023158127442002296,0.005440821405500174,-0.014943970367312431,-0.012334087863564491,-0.013852146454155445,0.01623372547328472,0.03186676651239395,0.032671645283699036,0.023738840594887733,0.7971361875534058,0.947394609451294,0.00014816730981692672,1.3985681533813477,0.5378623008728027,1.2246891856193542e-07,1.0,1.0,pretrain,556,7,
13300,0.0020677121356129646,0.0002655735588632524,-0.007979189977049828,-0.009190186858177185,-0.01105271466076374,0.01576022431254387,0.03466038778424263,0.03194507956504822,0.02153884805738926,0.7977871894836426,0.9530817866325378,0.00017972273053601384,1.3988935947418213,0.5325624942779541,1.2852251529693604e-07,1.0,1.0,pretrain,560,11,
13400,0.003052781568840146,-0.0015885221073403955,-0.0054785218089818954,-0.004177561029791832,-0.014547329396009445,0.014799747616052628,0.08296716213226318,0.10134211927652359,0.017973335459828377,0.797481894493103,0.9412481784820557,0.0001946923730429262,1.3987408876419067,0.5365958213806152,1.1920928955078125e-07,1.0,1.0,pretrain,564,15,
13500,0.0021659950725734234,0.0047167399898171425,-0.014119614847004414,-0.01115598063915968,-0.005935278721153736,0.014391168020665646,0.075150266289711,0.057477954775094986,0.025326885282993317,0.799422025680542,0.9437538385391235,0.00023329889518208802,1.399711012840271,0.5382839441299438,1.2619420886039734e-07,1.0,1.0,pretrain,568,19,
13600,0.0022550392895936966,0.0022931189741939306,-0.014332746155560017,-0.016438182443380356,-0.0069514489732682705,0.01392203290015459,0.06948774307966232,0.08933901786804199,0.01799333468079567,0.7963534593582153,0.9535197019577026,0.00014793023001402617,1.398176670074463,0.5282880067825317,1.1641532182693481e-07,1.0,1.0,pretrain,572,23,
13700,0.002523689763620496,0.007627483922988176,-0.015690088272094727,-0.01572086475789547,-0.008372291922569275,0.012986917980015278,0.06613238900899887,0.07782164961099625,0.014603015035390854,0.7967641353607178,0.9401067495346069,0.00010474039299879223,1.3983820676803589,0.52522212266922,1.1594966053962708e-07,1.0,1.0,pretrain,577,3,
13800,0.0021675066091120243,0.00566592114046216,-0.011857429519295692,-0.012629182077944279,-0.013007533736526966,0.016079053282737732,0.029854871332645416,0.02277389168739319,0.02229326032102108,0.7979846596717834,0.9336795210838318,0.00014324768562801182,1.3989923000335693,0.5365078449249268,1.2712553143501282e-07,1.0,1.0,pretrain,581,7,
13900,0.0024680537171661854,0.01734783872961998,-0.02783176861703396,-0.0257088802754879,-0.015761537477374077,0.015139596536755562,0.10132959485054016,0.09466566145420074,0.029909800738096237,0.7972644567489624,0.9329752922058105,0.00011204056499991566,1.398632287979126,0.5327778458595276,1.1548399925231934e-07,1.0,1.0,pretrain,585,11,
14000,0.0022902758792042732,0.003948496654629707,-0.010309230536222458,-0.01438184455037117,-0.01397035364061594,0.015958037227392197,0.03424477577209473,0.031027819961309433,0.013695811852812767,0.7965964674949646,0.9267843961715698,0.00012587518722284585,1.3982982635498047,0.5310689210891724,1.2991949915885925e-07,1.0,1.0,pretrain,589,15,
14100,0.002930218353867531,0.001373288338072598,-0.0070747509598731995,-0.010877423919737339,-0.020028268918395042,0.01638025790452957,0.11261231452226639,0.08830311894416809,0.0172203928232193,0.8014284372329712,0.9300464987754822,0.0001358338340651244,1.4007141590118408,0.5302774310112,1.1315569281578064e-07,1.0,1.0,pretrain,593,19,
14200,0.0026087285950779915,0.0016992382006719708,-0.007752365432679653,-0.006054617930203676,-0.0161614790558815,0.014164791442453861,0.0766943097114563,0.09631326794624329,0.022025665268301964,0.799878716468811,0.9324930310249329,0.00014421941887121648,1.3999392986297607,0.526064395904541,1.2293457984924316e-07,1.0,1.0,pretrain,597,23,
14300,0.0022226457949727774,0.007400445640087128,-0.01521826721727848,-0.013947270810604095,-0.015608069486916065,0.01385941356420517,0.01903831586241722,0.028186267241835594,0.02321959100663662,0.7938445806503296,0.9398057460784912,0.0001156536745838821,1.3969223499298096,0.5282938480377197,1.1781230568885803e-07,1.0,1.0,pretrain,602,3,
14400,0.002774351742118597,0.0005831070011481643,-0.011488297022879124,-0.011810678988695145,-0.01302710548043251,0.014242123812437057,0.025157779455184937,0.038614630699157715,0.013742799870669842,0.7962056398391724,0.9212606549263,0.0001512426824774593,1.3981027603149414,0.5358808040618896,1.1408701539039612e-07,1.0,1.0,pretrain,606,7,
14500,0.0023594703525304794,0.011053910478949547,-0.018421778455376625,-0.01814662292599678,-0.014042934402823448,0.011917656287550926,0.04710623249411583,0.04378713294863701,0.03431524708867073,0.7924976348876953,0.9367711544036865,0.0001042104559019208,1.3962488174438477,0.5311295986175537,1.1594966053962708e-07,1.0,1.0,pretrain,610,11,
14600,0.0027096238918602467,0.008242020383477211,-0.013962294906377792,-0.012253772467374802,-0.017343349754810333,0.015321452170610428,0.041795097291469574,0.05649254843592644,0.011010304093360901,0.7999027967453003,0.9238214492797852,0.00013349235814530402,1.3999513387680054,0.5332567691802979,1.1362135410308838e-07,1.0,1.0,pretrain,614,15,
14700,0.002925552660599351,0.0010076450416818261,-0.009423555806279182,-0.011072849854826927,-0.004630345851182938,0.01599092036485672,0.05799613520503044,0.06423588842153549,0.019732769578695297,0.7917864322662354,0.9383571147918701,7.760923472233117e-05,1.3958932161331177,0.5222711563110352,1.2479722499847412e-07,1.0,1.0,pretrain,618,19,
14800,0.003385610179975629,0.009569012559950352,-0.013475606217980385,-0.014783961698412895,-0.02194247581064701,0.015311907976865768,0.07399887591600418,0.0732254609465599,0.013752072118222713,0.8000870943069458,0.9469437599182129,0.0001548198633827269,1.4000434875488281,0.5256356000900269,1.0803341865539551e-07,1.0,1.0,pretrain,622,23,
14900,0.002921775449067354,0.0097053162753582,-0.013408739119768143,-0.013553965836763382,-0.01999068260192871,0.013538843020796776,0.05794188752770424,0.06672678142786026,0.02583543211221695,0.8013362884521484,0.941646158695221,0.0001689110795268789,1.4006681442260742,0.5296666622161865,1.3457611203193665e-07,1.0,1.0,pretrain,627,3,
15000,0.0028403769247233868,0.014807512983679771,-0.02694467455148697,-0.02579536661505699,-0.01272594928741455,0.014720873907208443,0.12199348211288452,0.12202783674001694,0.024115046486258507,0.7946677803993225,0.9474524259567261,9.760972170624882e-05,1.3973338603973389,0.5284798741340637,1.2479722499847412e-07,1.0,1.0,pretrain,631,7,
15100,0.002782090101391077,0.00017132799257524312,-0.00792726781219244,-0.009203026071190834,-0.014043034054338932,0.013985377736389637,0.06328777223825455,0.04893595725297928,0.022892532870173454,0.7941462397575378,0.9603203535079956,0.00010384820052422583,1.3970731496810913,0.5289771556854248,1.2386590242385864e-07,1.0,1.0,pretrain,635,11,
15200,0.0022292430512607098,0.00959416851401329,-0.016495894640684128,-0.014017516747117043,-0.01534515991806984,0.014551786705851555,0.022945942357182503,0.031043680384755135,0.023982584476470947,0.7919012904167175,0.9488309025764465,0.00012296141358092427,1.3959505558013916,0.5314728021621704,1.1920928955078125e-07,1.0,1.0,pretrain,639,15,
15300,0.002592272125184536,0.010906677693128586,-0.016339614987373352,-0.01670410856604576,-0.015999868512153625,0.014681806787848473,0.023039815947413445,0.02744164690375328,0.03381279855966568,0.7970271706581116,0.9359546899795532,0.00013302266597747803,1.3985135555267334,0.5262902975082397,1.2991949915885925e-07,1.0,1.0,pretrain,643,19,
15400,0.0029674952384084463,0.010364937596023083,-0.018833527341485023,-0.020994750782847404,-0.009328879415988922,0.013272230513393879,0.08578886836767197,0.11184602975845337,0.03613467514514923,0.7976284623146057,0.9580979347229004,0.00014816303155384958,1.3988142013549805,0.5257893204689026,1.2293457984924316e-07,1.0,1.0,pretrain,647,23,
15500,0.0023765219375491142,0.008273595944046974,-0.01866840571165085,-0.018938008695840836,-0.010329309850931168,0.015391401946544647,0.07202202826738358,0.08225524425506592,0.03311048075556755,0.8032236099243164,0.9519679546356201,0.00024764472618699074,1.4016118049621582,0.5285080075263977,1.1408701539039612e-07,1.0,1.0,pretrain,652,3,
15600,0.0027642850764095783,0.00819703284651041,-0.018269073218107224,-0.019572999328374863,-0.011515039950609207,0.015391813591122627,0.05782227963209152,0.07645159959793091,0.014589715749025345,0.7960920929908752,0.9648368954658508,0.000179718917934224,1.3980460166931152,0.5203381776809692,1.2293457984924316e-07,1.0,1.0,pretrain,656,7,
15700,0.002431880682706833,0.012127907946705818,-0.016602229326963425,-0.019987137988209724,-0.018911145627498627,0.013736424036324024,0.028701113536953926,0.02472437545657158,0.013436542823910713,0.792851448059082,0.9761921167373657,9.811623021960258e-05,1.396425724029541,0.5100866556167603,1.19674950838089e-07,1.0,1.0,pretrain,660,11,
15800,0.0025548976846039295,0.009403131902217865,-0.013204123824834824,-0.012263661250472069,-0.018081361427903175,0.013541223481297493,0.05034549906849861,0.06244206801056862,0.0117545947432518,0.7915266752243042,0.9646698832511902,6.753578782081604e-05,1.3957633972167969,0.5112897157669067,1.1827796697616577e-07,1.0,1.0,pretrain,664,15,
15900,0.0036268816329538822,0.008936809375882149,-0.01599823869764805,-0.014712200500071049,-0.023270588368177414,0.015719326213002205,0.06882298737764359,0.08301657438278198,0.019488029181957245,0.7977842688560486,0.9658113121986389,0.0001414151774952188,1.3988921642303467,0.5171935558319092,1.1548399925231934e-07,1.0,1.0,pretrain,668,19,
16000,0.002639826387166977,0.011754131875932217,-0.016569916158914566,-0.01701289601624012,-0.021328385919332504,0.01530082430690527,0.04940903186798096,0.05393427610397339,0.03815879672765732,0.8053195476531982,0.9722602367401123,0.00020402979862410575,1.4026597738265991,0.5120859742164612,1.1874362826347351e-07,1.0,1.0,pretrain,672,23,
16100,0.0024715368635952473,0.006779786199331284,-0.018434735015034676,-0.01857290416955948,-0.014519382268190384,0.014902399852871895,0.04693357273936272,0.048978041857481,0.027115831151604652,0.7975103855133057,0.9537051320075989,0.00013624767598230392,1.3987551927566528,0.5254117250442505,1.2991949915885925e-07,1.0,1.0,pretrain,677,3,
16200,0.0028417932335287333,0.0004949739086441696,-0.006063173059374094,-0.007239323575049639,-0.019656803458929062,0.013992358930408955,0.12311100959777832,0.12688963115215302,0.018014373257756233,0.7995017766952515,0.9371157288551331,0.0002004082634812221,1.3997509479522705,0.5339072942733765,1.2433156371116638e-07,1.0,1.0,pretrain,681,7,
16300,0.002312270225957036,0.0019591436721384525,-0.010049086064100266,-0.008987342938780785,-0.013243201188743114,0.014896465465426445,0.03460535407066345,0.050885897129774094,0.020529258996248245,0.7936486601829529,0.9589830040931702,0.00010262577416142449,1.3968243598937988,0.521450400352478,1.2386590242385864e-07,1.0,1.0,pretrain,685,11,
16400,0.0027015474624931812,0.009527872316539288,-0.017584864050149918,-0.024301309138536453,-0.010516965761780739,0.01554818730801344,0.06797601282596588,0.12824435532093048,0.02848307229578495,0.8005432486534119,0.9493352770805359,0.00017956078227143735,1.4002716541290283,0.528365969657898,1.150183379650116e-07,1.0,1.0,pretrain,689,15,
16500,0.0030836432706564665,0.014640375040471554,-0.0202120840549469,-0.01949690654873848,-0.02199692465364933,0.01326770894229412,0.029086364433169365,0.03927851840853691,0.034728191792964935,0.7990305423736572,0.9780720472335815,0.0001378410088364035,1.399515151977539,0.5120746493339539,1.1408701539039612e-07,1.0,1.0,pretrain,693,19,
16600,0.003067788202315569,0.007107964251190424,-0.012640373781323433,-0.017918936908245087,-0.016374386847019196,0.01589849591255188,0.04013984650373459,0.033747442066669464,0.014622087590396404,0.7974821329116821,0.9593920707702637,0.0001544481492601335,1.3987410068511963,0.5198509097099304,1.210719347000122e-07,1.0,1.0,pretrain,697,23,
16700,0.0024966676719486713,0.006907667964696884,-0.01349409855902195,-0.014098906889557838,-0.01442309282720089,0.015758521854877472,0.01780591532588005,0.025302235037088394,0.016707584261894226,0.7951187491416931,0.9490880966186523,8.282079215859994e-05,1.397559404373169,0.5174479484558105,1.1455267667770386e-07,1.0,1.0,pretrain,702,3,
16800,0.003802021499723196,0.014936179853975773,-0.01979842782020569,-0.019950322806835175,-0.023514660075306892,0.014801563695073128,0.04663024842739105,0.04380152001976967,0.034062087535858154,0.7978742122650146,0.9580693244934082,0.00011515364167280495,1.3989371061325073,0.5221280455589294,1.234002411365509e-07,1.0,1.0,pretrain,706,7,
16900,0.00227267574518919,0.01100969035178423,-0.016897592693567276,-0.01674918457865715,-0.01458235178142786,0.013344555161893368,0.02733486145734787,0.03350119665265083,0.02317221276462078,0.7998638153076172,0.9328651428222656,0.00014614799874834716,1.3999319076538086,0.5267977118492126,1.1874362826347351e-07,1.0,1.0,pretrain,710,11,
17000,0.0021436463575810194,0.01621975190937519,-0.024250175803899765,-0.021903228014707565,-0.019885998219251633,0.015131508000195026,0.046684473752975464,0.029524359852075577,0.051179107278585434,0.8005731105804443,0.9457567930221558,0.0001676781685091555,1.4002865552902222,0.5288130044937134,1.2014061212539673e-07,1.0,1.0,pretrain,714,15,
17100,0.0024339761584997177,0.011668910272419453,-0.01954968459904194,-0.020313171669840813,-0.01146749034523964,0.016676636412739754,0.07565988600254059,0.08987203985452652,0.019009146839380264,0.7972359657287598,0.9290064573287964,0.0001143340632552281,1.3986181020736694,0.5248028635978699,1.1129304766654968e-07,1.0,1.0,pretrain,718,19,
17200,0.0031939297914505005,0.014804409816861153,-0.02151879481971264,-0.02075296640396118,-0.014186517335474491,0.013995585963129997,0.06580286473035812,0.06660380959510803,0.035870105028152466,0.797196626663208,0.9498257637023926,0.00011945471487706527,1.398598313331604,0.5188630819320679,1.2060627341270447e-07,1.0,1.0,pretrain,722,23,
17300,0.002253420650959015,0.007049236912280321,-0.015313449315726757,-0.014070132747292519,-0.01675843447446823,0.014677945524454117,0.03118373453617096,0.03894754871726036,0.02971707098186016,0.7991781234741211,0.9430607557296753,0.00012467268970794976,1.3995890617370605,0.5243511199951172,1.280568540096283e-07,1.0,1.0,pretrain,727,3,
17400,0.0026893187314271927,0.0076412600465118885,-0.01126505434513092,-0.019730044528841972,-0.01786862313747406,0.01492084190249443,0.05810980498790741,0.03729725256562233,0.018058983609080315,0.7964789867401123,0.9516279697418213,0.00010099713108502328,1.3982394933700562,0.5203584432601929,1.150183379650116e-07,1.0,1.0,pretrain,731,7,
17500,0.003033177927136421,0.01497677993029356,-0.02225012704730034,-0.01827220991253853,-0.018785499036312103,0.017633287236094475,0.034723248332738876,0.04580045863986015,0.04125327989459038,0.7932403087615967,0.9354946613311768,7.981313683558255e-05,1.3966200351715088,0.5205604434013367,1.2014061212539673e-07,1.0,1.0,pretrain,735,11,
17600,0.0025288290344178677,0.017425790429115295,-0.02680264040827751,-0.024083124473690987,-0.01719389110803604,0.01634858176112175,0.08423073589801788,0.06962190568447113,0.028401635587215424,0.795526385307312,0.9380521774291992,9.116197179537266e-05,1.3977631330490112,0.5224445462226868,1.3131648302078247e-07,1.0,1.0,pretrain,739,15,
17700,0.00293980841524899,0.01964430697262287,-0.02274109423160553,-0.02292824164032936,-0.023399680852890015,0.016309453174471855,0.030586572363972664,0.04584865644574165,0.03758106008172035,0.7955904603004456,0.9388670921325684,7.79164838604629e-05,1.39779531955719,0.5246580839157104,1.2293457984924316e-07,1.0,1.0,pretrain,743,19,
17800,0.0029554679058492184,0.008718057535588741,-0.016122683882713318,-0.013378819450736046,-0.018092982470989227,0.013060610741376877,0.03970375657081604,0.0674547627568245,0.017933782190084457,0.8000648021697998,0.9294909238815308,0.00019314367091283202,1.4000324010849,0.5295407772064209,1.103617250919342e-07,1.0,1.0,pretrain,747,23,
17900,0.002139823045581579,0.011431463062763214,-0.014676570892333984,-0.011851293966174126,-0.019485265016555786,0.014761385507881641,0.04639984667301178,0.07246751338243484,0.03335469961166382,0.7991640567779541,0.9326791763305664,0.00013130548177286983,1.3995821475982666,0.517428457736969,1.1781230568885803e-07,1.0,1.0,pretrain,752,3,
18000,0.0027673356235027313,0.008969428949058056,-0.021090906113386154,-0.019825758412480354,-0.01296909712255001,0.014580769464373589,0.07060010731220245,0.07018058001995087,0.035379983484745026,0.7993437051773071,0.937218189239502,0.0001909033744595945,1.3996717929840088,0.5235387682914734,1.3131648302078247e-07,1.0,1.0,pretrain,756,7,
18100,0.0022810203954577446,0.01091467123478651,-0.018099172040820122,-0.01771603524684906,-0.018031924962997437,0.014786429703235626,0.027142342180013657,0.030071841552853584,0.03321674466133118,0.7944499850273132,0.927577018737793,8.708810491953045e-05,1.397225022315979,0.5229108929634094,1.2153759598731995e-07,1.0,1.0,pretrain,760,11,
18200,0.0024452549405395985,0.009963540360331535,-0.015686195343732834,-0.016945919021964073,-0.0183250792324543,0.014033762738108635,0.03479939326643944,0.03482838720083237,0.060063425451517105,0.7971218824386597,0.9342672824859619,8.390397124458104e-05,1.3985610008239746,0.5176524519920349,1.1594966053962708e-07,1.0,1.0,pretrain,764,15,
18300,0.002715904265642166,0.01785142719745636,-0.026590367779135704,-0.027518637478351593,-0.018184514716267586,0.015866346657276154,0.07746657729148865,0.08778219670057297,0.022243192419409752,0.7988896369934082,0.9251010417938232,0.00014729266695212573,1.399444818496704,0.5245180130004883,1.1920928955078125e-07,1.0,1.0,pretrain,768,19,
18400,0.0025727078318595886,0.021994194015860558,-0.028318870812654495,-0.03357648849487305,-0.02147631347179413,0.014292428269982338,0.06632984429597855,0.11167944967746735,0.01963588036596775,0.7963566184043884,0.9167861342430115,0.00012261435040272772,1.3981783390045166,0.5302561521530151,1.0291114449501038e-07,1.0,1.0,pretrain,772,23,
18500,0.0028268126770853996,0.009102333337068558,-0.01687302626669407,-0.01605619303882122,-0.01241232268512249,0.015844177454710007,0.04485519230365753,0.04661954566836357,0.024295292794704437,0.7955088019371033,0.9286796450614929,8.233603875851259e-05,1.397754430770874,0.5204014182090759,1.1408701539039612e-07,1.0,1.0,pretrain,777,3,
18600,0.0028647715225815773,0.0054810745641589165,-0.012491411529481411,-0.018217984586954117,-0.021516364067792892,0.015734214335680008,0.08235819637775421,0.048185743391513824,0.041945137083530426,0.7948775291442871,0.9498472213745117,9.803594730328768e-05,1.3974387645721436,0.5203508734703064,1.2479722499847412e-07,1.0,1.0,pretrain,781,7,
18700,0.003064447781071067,0.01128192339092493,-0.016772205010056496,-0.0177239328622818,-0.019892513751983643,0.013916623778641224,0.03470929339528084,0.03836233168840408,0.027406027540564537,0.8008270263671875,0.9257102012634277,0.00018996362632606179,1.4004135131835938,0.5285249352455139,1.2712553143501282e-07,1.0,1.0,pretrain,785,11,
18800,0.0034180008806288242,0.0033948421478271484,-0.010309274308383465,-0.004805152304470539,-0.01332586258649826,0.014969076961278915,0.037008728832006454,0.07602919638156891,0.02151908352971077,0.7954385280609131,0.9466639757156372,0.00010563289106357843,1.397719383239746,0.5254945158958435,1.1781230568885803e-07,1.0,1.0,pretrain,789,15,
18900,0.002045063767582178,0.012278608977794647,-0.018042583018541336,-0.015189127065241337,-0.01557123102247715,0.013510016724467278,0.029836304485797882,0.028554335236549377,0.02167394571006298,0.7989515066146851,0.9266013503074646,0.00018926349002867937,1.3994758129119873,0.5243961215019226,1.2293457984924316e-07,1.0,1.0,pretrain,793,19,
19000,0.002811187645420432,0.016364309936761856,-0.022039614617824554,-0.027010846883058548,-0.02523583546280861,0.01605648547410965,0.03650975227355957,0.03441581502556801,0.02316785790026188,0.7978247404098511,0.9504448175430298,0.00010157896758755669,1.3989124298095703,0.5189440250396729,1.2526288628578186e-07,1.0,1.0,pretrain,797,23,
19100,0.002518534194678068,0.014956989325582981,-0.023119203746318817,-0.0214091669768095,-0.018629224970936775,0.01578686013817787,0.04457106813788414,0.0438673160970211,0.04520796984434128,0.7964377403259277,0.9428530931472778,8.434327901341021e-05,1.3982188701629639,0.5187562704086304,1.3317912817001343e-07,1.0,1.0,pretrain,802,3,
19200,0.0028409953229129314,0.010347374714910984,-0.015368177555501461,-0.017347468063235283,-0.026078172028064728,0.01347243320196867,0.09506293386220932,0.08233936876058578,0.038525111973285675,0.8002281785011292,0.93760746717453,0.00016776005213614553,1.4001140594482422,0.5306721329689026,1.1734664440155029e-07,1.0,1.0,pretrain,806,7,
19300,0.002431519329547882,0.016803424805402756,-0.022074691951274872,-0.023133253678679466,-0.019678926095366478,0.014392131939530373,0.028612561523914337,0.03809179738163948,0.015209849923849106,0.799322783946991,0.941351592540741,0.00015363456623163074,1.3996614217758179,0.5286107063293457,1.280568540096283e-07,1.0,1.0,pretrain,810,11,
19400,0.0026059825904667377,0.02260281704366207,-0.030814502388238907,-0.027389423921704292,-0.022340789437294006,0.016834158450365067,0.07193680107593536,0.05338524654507637,0.0260416641831398,0.8004509210586548,0.9331130981445312,0.00015550566604360938,1.4002254009246826,0.5305585265159607,1.2759119272232056e-07,1.0,1.0,pretrain,814,15,
19500,0.0024520382285118103,0.021101167425513268,-0.028397182002663612,-0.024897724390029907,-0.02088627964258194,0.015457522124052048,0.06207316741347313,0.044834114611148834,0.039499394595623016,0.7980763912200928,0.9427382946014404,0.0001274129026569426,1.3990380764007568,0.5244365930557251,1.1688098311424255e-07,1.0,1.0,pretrain,818,19,
19600,0.0026259897276759148,0.009889093227684498,-0.018248435109853745,-0.017912546172738075,-0.016414808109402657,0.015468419529497623,0.03072013519704342,0.030845437198877335,0.021214155480265617,0.797313928604126,0.9250041842460632,0.0001271921064471826,1.3986570835113525,0.540746808052063,1.2526288628578186e-07,1.0,1.0,pretrain,822,23,
19700,0.002193654654547572,0.016223443672060966,-0.024211205542087555,-0.022549737244844437,-0.025793083012104034,0.013920244760811329,0.02920137345790863,0.039131492376327515,0.015945855528116226,0.7972309589385986,0.9561538100242615,0.00015663319209124893,1.3986155986785889,0.5206859111785889,1.2479722499847412e-07,1.0,1.0,pretrain,827,3,
19800,0.003073864383623004,0.010658708401024342,-0.01679813675582409,-0.013695287518203259,-0.019913291558623314,0.01319848746061325,0.04590696468949318,0.06584832072257996,0.02119826339185238,0.7986526489257812,0.9612448215484619,0.00015578727470710874,1.3993263244628906,0.5169110894203186,1.2293457984924316e-07,1.0,1.0,pretrain,831,7,
19900,0.0033859945833683014,0.0188453271985054,-0.021492060273885727,-0.019830629229545593,-0.025002384558320045,0.01285526342689991,0.04296383261680603,0.05894450843334198,0.029261644929647446,0.7957406044006348,0.9445943236351013,0.00012531940592452884,1.3978703022003174,0.5238572359085083,1.1548399925231934e-07,1.0,1.0,pretrain,835,11,
20000,0.0027663104701787233,0.007621599826961756,-0.013958031311631203,-0.012241466902196407,-0.018385116010904312,0.013213161379098892,0.04133627563714981,0.060317616909742355,0.039088208228349686,0.7971092462539673,0.9398944973945618,0.00011481589899631217,1.3985546827316284,0.5232334733009338,1.1827796697616577e-07,1.0,1.0,pretrain,839,15,
20100,0.0025535360909998417,0.00624404102563858,-0.017555324360728264,-0.0204845629632473,-0.015093648806214333,0.015221154317259789,0.02675464004278183,0.05789044871926308,0.032753728330135345,0.8002196550369263,0.9414235353469849,0.00016580152441747487,1.4001097679138184,0.5283600091934204,1.2619420886039734e-07,1.0,1.0,pretrain,843,19,
20200,0.0028911950066685677,0.016212953254580498,-0.024818286299705505,-0.027905261144042015,-0.027274848893284798,0.016823921352624893,0.02968268096446991,0.03339541703462601,0.019939949735999107,0.794780433177948,0.9366563558578491,0.00011495869694044814,1.3973901271820068,0.5220928192138672,1.2665987014770508e-07,1.0,1.0,pretrain,847,23,
20300,0.002365324180573225,0.012156839482486248,-0.02096925675868988,-0.020356323570013046,-0.0181199312210083,0.015483926981687546,0.033994272351264954,0.04252220690250397,0.0243856068700552,0.7982774972915649,0.9407210350036621,0.00015655660536140203,1.3991386890411377,0.5255758762359619,1.2433156371116638e-07,1.0,1.0,pretrain,852,3,
20400,0.003961715381592512,0.016493121162056923,-0.021405639126896858,-0.02146252617239952,-0.023837577551603317,0.01343691535294056,0.042811568826436996,0.04873060807585716,0.01929471082985401,0.7972793579101562,0.9349974393844604,0.00013288272020872682,1.3986396789550781,0.5210171937942505,1.0849907994270325e-07,1.0,1.0,pretrain,856,7,
20500,0.0020748558454215527,0.010052270255982876,-0.015796996653079987,-0.01451953500509262,-0.010439099743962288,0.015158180147409439,0.042141906917095184,0.04305509477853775,0.026905564591288567,0.79343181848526,0.9410818219184875,0.00011695688590407372,1.3967158794403076,0.5216478109359741,1.3783574104309082e-07,1.0,1.0,pretrain,860,11,
20600,0.0031020622700452805,0.010902009904384613,-0.015603266656398773,-0.014671647921204567,-0.02722857892513275,0.016091255471110344,0.10615696758031845,0.11396829783916473,0.030262170359492302,0.7987773418426514,0.9219352006912231,0.00015629350673407316,1.3993886709213257,0.5256516933441162,1.2433156371116638e-07,1.0,1.0,pretrain,864,15,
20700,0.003273463575169444,0.011278800666332245,-0.022037185728549957,-0.017161479219794273,-0.022742681205272675,0.015499070286750793,0.02524125948548317,0.06659539043903351,0.013751390390098095,0.7947331070899963,0.9263380765914917,0.00012516093556769192,1.3973665237426758,0.5220655202865601,1.2386590242385864e-07,1.0,1.0,pretrain,868,19,
20800,0.003766042413190007,0.01767466589808464,-0.02528785914182663,-0.02189376763999462,-0.021538080647587776,0.013796001672744751,0.04807628318667412,0.049627888947725296,0.021042032167315483,0.7958160042762756,0.9261264801025391,0.00010505152022233233,1.397908091545105,0.5284157395362854,1.327134668827057e-07,1.0,1.0,pretrain,872,23,
20900,0.0029030817095190287,0.010270697996020317,-0.016813822090625763,-0.018191365525126457,-0.021537326276302338,0.015675552189350128,0.051894303411245346,0.047475919127464294,0.012756681069731712,0.7958206534385681,0.9197371006011963,0.00011606349289650097,1.3979103565216064,0.5345707535743713,1.210719347000122e-07,1.0,1.0,pretrain,877,3,
21000,0.0016661309637129307,0.014240915887057781,-0.019285621121525764,-0.015089960768818855,-0.015392092987895012,0.012887081131339073,0.03832994028925896,0.017891034483909607,0.027610916644334793,0.7984933257102966,0.9206061959266663,0.0001548019499750808,1.3992466926574707,0.5375299453735352,1.3550743460655212e-07,1.0,1.0,pretrain,881,7,
21100,0.0030015893280506134,0.0076067219488322735,-0.014462714083492756,-0.014981133863329887,-0.018472488969564438,0.013091305270791054,0.03653518110513687,0.03688712790608406,0.022651590406894684,0.8010064959526062,0.931425154209137,0.00019649008754640818,1.4005032777786255,0.5293687582015991,1.1455267667770386e-07,1.0,1.0,pretrain,885,11,
21200,0.0017970604822039604,0.010921883396804333,-0.018003135919570923,-0.018368970602750778,-0.019546067342162132,0.014733856543898582,0.02294921875,0.018861159682273865,0.0198026392608881,0.7972514629364014,0.927466869354248,0.00010871683480218053,1.3986258506774902,0.5258420705795288,1.2665987014770508e-07,1.0,1.0,pretrain,889,15,
21300,0.0021194908767938614,0.01605922542512417,-0.021969929337501526,-0.024205558001995087,-0.02480877935886383,0.013978156261146069,0.02861778996884823,0.033709798008203506,0.013662460260093212,0.7959148287773132,0.9416909217834473,0.00012962280015926808,1.397957444190979,0.5265843868255615,1.1082738637924194e-07,1.0,1.0,pretrain,893,19,
21400,0.0033776690252125263,0.007879743352532387,-0.012921280227601528,-0.013232557103037834,-0.01908913254737854,0.013350006192922592,0.06590396910905838,0.060919083654880524,0.04744718596339226,0.7957026958465576,0.9389994144439697,9.095753193832934e-05,1.3978514671325684,0.5231239795684814,1.234002411365509e-07,1.0,1.0,pretrain,897,23,
21500,0.002492094412446022,0.01897328905761242,-0.02331933006644249,-0.024746540933847427,-0.02643963135778904,0.01605371944606304,0.029064692556858063,0.022664258256554604,0.03646577522158623,0.7983525991439819,0.9393255710601807,0.00012241856893524528,1.3991763591766357,0.5225499272346497,1.1874362826347351e-07,1.0,1.0,pretrain,902,3,
21600,0.0022995644249022007,0.008686685003340244,-0.017888279631733894,-0.013791877776384354,-0.020510338246822357,0.014387330040335655,0.029938101768493652,0.07606864720582962,0.019434615969657898,0.8009934425354004,0.9166038632392883,0.0001341214228887111,1.4004967212677002,0.5338496565818787,1.2526288628578186e-07,1.0,1.0,pretrain,906,7,
21700,0.002188067650422454,0.020781025290489197,-0.023418862372636795,-0.025223417207598686,-0.021899769082665443,0.014206074178218842,0.018794773146510124,0.03709078207612038,0.028899211436510086,0.7980692386627197,0.9336864948272705,0.00010038800974143669,1.3990347385406494,0.5245867967605591,1.0943040251731873e-07,1.0,1.0,pretrain,910,11,
21800,0.0028111350256949663,0.016559317708015442,-0.023258574306964874,-0.024107858538627625,-0.026147980242967606,0.014816585928201675,0.035681046545505524,0.033255450427532196,0.018191369250416756,0.7983841896057129,0.93400639295578,0.00015105222701095045,1.3991920948028564,0.5340188145637512,1.317821443080902e-07,1.0,1.0,pretrain,914,15,
21900,0.0021037552505731583,0.015893518924713135,-0.024810336530208588,-0.02429630234837532,-0.023867696523666382,0.014347109943628311,0.02200041525065899,0.023479068651795387,0.030927088111639023,0.7955620884895325,0.9321814179420471,0.00010205635044258088,1.3977811336517334,0.5277259945869446,1.1827796697616577e-07,1.0,1.0,pretrain,918,19,
22000,0.0029071883764117956,0.01284654438495636,-0.018284358084201813,-0.017729535698890686,-0.020489081740379333,0.012861591763794422,0.028943592682480812,0.03623439371585846,0.011928783729672432,0.7995737195014954,0.9393445253372192,0.0001287539635086432,1.3997869491577148,0.5264897346496582,1.2479722499847412e-07,1.0,1.0,pretrain,922,23,
22100,0.0027319849468767643,0.009486925788223743,-0.01497191283851862,-0.0145088667050004,-0.022401198744773865,0.013730669394135475,0.07149572670459747,0.07659296691417694,0.029073946177959442,0.8038595914840698,0.9465757608413696,0.00019866703951265663,1.4019298553466797,0.5231707096099854,1.210719347000122e-07,1.0,1.0,pretrain,927,3,
22200,0.00302897859364748,0.014166195876896381,-0.020261529833078384,-0.02096460573375225,-0.01839740015566349,0.01341809332370758,0.029948292300105095,0.03776807337999344,0.014879072085022926,0.7966082096099854,0.9344882965087891,9.653250162955374e-05,1.3983041048049927,0.5229172706604004,1.257285475730896e-07,1.0,1.0,pretrain,931,7,
22300,0.0027870258782058954,0.008949554525315762,-0.014160694554448128,-0.01474977470934391,-0.024374768137931824,0.012193666771054268,0.08710666745901108,0.0881606936454773,0.029814759269356728,0.801428496837616,0.9506357908248901,0.00014898518566042185,1.4007141590118408,0.5258861780166626,1.1734664440155029e-07,1.0,1.0,pretrain,935,11,
22400,0.0020973989740014076,0.004600858315825462,-0.013456132262945175,-0.01596350595355034,-0.01569422520697117,0.01370967272669077,0.031127365306019783,0.029342256486415863,0.01424817182123661,0.801559567451477,0.9409471750259399,0.00015982832701411098,1.4007797241210938,0.5192133188247681,1.1362135410308838e-07,1.0,1.0,pretrain,939,15,
22500,0.002795885782688856,0.016506869345903397,-0.02685016579926014,-0.02906123921275139,-0.024025604128837585,0.01432909443974495,0.038355015218257904,0.04659299552440643,0.031199468299746513,0.8027429580688477,0.9369825124740601,0.0001739801955409348,1.4013714790344238,0.531945526599884,1.1874362826347351e-07,1.0,1.0,pretrain,943,19,
22600,0.0019193134503439069,0.008324026130139828,-0.014637650921940804,-0.014678833074867725,-0.015838930383324623,0.012722360901534557,0.029115919023752213,0.021833449602127075,0.014452789910137653,0.7993433475494385,0.9416306018829346,9.448305354453623e-05,1.3996716737747192,0.5200244188308716,1.2293457984924316e-07,1.0,1.0,pretrain,947,23,
22700,0.002583117922767997,0.01105149183422327,-0.016331372782588005,-0.0171057041734457,-0.024199873208999634,0.014917191118001938,0.06825312972068787,0.062009185552597046,0.011565277352929115,0.7990248203277588,0.9481565952301025,0.0001190692200907506,1.3995124101638794,0.5240190029144287,1.3364478945732117e-07,1.0,1.0,pretrain,952,3,
22800,0.002711497712880373,0.006003837566822767,-0.014904367737472057,-0.00984135176986456,-0.014770274981856346,0.014935609884560108,0.02640296332538128,0.0504547543823719,0.027186641469597816,0.7993322610855103,0.9480081796646118,0.00011746313248295337,1.3996660709381104,0.5208148956298828,1.1455267667770386e-07,1.0,1.0,pretrain,956,7,
22900,0.0027329791337251663,0.007678608410060406,-0.011506926268339157,-0.009538855403661728,-0.021099265664815903,0.015801675617694855,0.07408374547958374,0.1043824702501297,0.024555187672376633,0.8018618822097778,0.9299361705780029,0.0001454996527172625,1.4009310007095337,0.5253482460975647,1.2386590242385864e-07,1.0,1.0,pretrain,960,11,
23000,0.0032192347571253777,0.01853177510201931,-0.01959453709423542,-0.0221228189766407,-0.026826947927474976,0.015371367335319519,0.06487973779439926,0.052093856036663055,0.013115164823830128,0.8008815050125122,0.9571051597595215,0.00012386692105792463,1.4004406929016113,0.5177201628684998,1.234002411365509e-07,1.0,1.0,pretrain,964,15,
23100,0.002077851677313447,0.012689614668488503,-0.019843317568302155,-0.020496530458331108,-0.02567823976278305,0.013429570943117142,0.05255326256155968,0.0516023226082325,0.03250449150800705,0.8033154010772705,0.956725001335144,0.00016807127394713461,1.4016577005386353,0.5177127718925476,1.2200325727462769e-07,1.0,1.0,pretrain,968,19,
23200,0.002494307467713952,0.016233395785093307,-0.02238481491804123,-0.022624274715781212,-0.025889024138450623,0.013520101085305214,0.03915669023990631,0.03696899488568306,0.025813208892941475,0.7997463941574097,0.9415069818496704,0.00012354503269307315,1.3998732566833496,0.5195413827896118,1.1408701539039612e-07,1.0,1.0,pretrain,972,23,
23300,0.002700173296034336,0.01879717782139778,-0.028885800391435623,-0.023685533553361893,-0.021393587812781334,0.017033260315656662,0.05947810038924217,0.039982765913009644,0.020655134692788124,0.800682544708252,0.9439948797225952,0.00013553310418501496,1.400341272354126,0.5240497589111328,1.2060627341270447e-07,1.0,1.0,pretrain,977,3,
23400,0.00290012382902205,0.010346414521336555,-0.021123524755239487,-0.020229239016771317,-0.014244193211197853,0.013118251226842403,0.0546473003923893,0.061417851597070694,0.020886864513158798,0.7997732162475586,0.9519796371459961,0.00010705577005865052,1.3998866081237793,0.5244436264038086,1.1874362826347351e-07,1.0,1.0,pretrain,981,7,
23500,0.0026314903516322374,0.006515621207654476,-0.011313632130622864,-0.015275256708264351,-0.016874417662620544,0.014680792577564716,0.052099086344242096,0.024575332179665565,0.017662879079580307,0.7988141775131226,0.9586429595947266,0.00010682718857424334,1.399407148361206,0.5209968090057373,1.2246891856193542e-07,1.0,1.0,pretrain,985,11,
23600,0.0030435933731496334,0.013621192425489426,-0.02175655961036682,-0.01658402383327484,-0.01822211593389511,0.015403809025883675,0.04662831500172615,0.04486212879419327,0.013167216442525387,0.7993326187133789,0.9520139694213867,0.00010120102524524555,1.3996663093566895,0.5227656364440918,1.2386590242385864e-07,1.0,1.0,pretrain,989,15,
23700,0.0018730068113654852,0.009876372292637825,-0.02276400476694107,-0.017951086163520813,-0.018161064013838768,0.013652222231030464,0.037860207259655,0.023935671895742416,0.026126310229301453,0.7981956005096436,0.9609323740005493,9.89306645351462e-05,1.3990978002548218,0.518528938293457,1.210719347000122e-07,1.0,1.0,pretrain,993,19,
23800,0.003381418064236641,0.01584019511938095,-0.023529205471277237,-0.022128455340862274,-0.023274168372154236,0.014043375849723816,0.030226703733205795,0.03542667254805565,0.02417927049100399,0.799515426158905,0.9528285264968872,0.00011985329911112785,1.3997576236724854,0.5184590816497803,1.2991949915885925e-07,1.0,1.0,pretrain,997,23,
23900,0.0016198665834963322,0.03342648968100548,-0.03977949917316437,-0.04178335890173912,-0.041140515357255936,0.011837492696940899,0.043203096836805344,0.024414299055933952,0.027228012681007385,0.7964879870414734,0.9716774225234985,5.522598803509027e-05,1.398244023323059,0.5285460948944092,1.2293457984924316e-07,1.0,1.0,finetune_selection,4,18,1
24000,0.0006888061761856079,0.021556731313467026,-0.02659154124557972,-0.03013744205236435,-0.02727780118584633,0.009457103908061981,0.024151265621185303,0.030432047322392464,0.04439130425453186,0.8028786778450012,0.9461450576782227,0.0001571245666127652,1.4014393091201782,0.5387738347053528,1.4528632164001465e-07,1.0,1.0,finetune_selection,8,22,1
24100,0.0008239240851253271,0.02437654696404934,-0.03322228044271469,-0.0328700914978981,-0.03560423105955124,0.00959032028913498,0.029778417199850082,0.03944331780076027,0.06689983606338501,0.7993664741516113,0.9795536994934082,6.724368722643703e-05,1.3996832370758057,0.5442047715187073,1.2293457984924316e-07,1.0,1.0,finetune_selection,13,2,1
24200,0.0006903751054778695,0.024686099961400032,-0.03501226007938385,-0.035337090492248535,-0.040763869881629944,0.008782821707427502,0.05702244117856026,0.06848637014627457,0.015290732495486736,0.7979677319526672,1.0014724731445312,9.580320329405367e-05,1.3989838361740112,0.5653291940689087,1.210719347000122e-07,1.0,1.0,finetune_selection,17,6,1
24300,0.0004887645482085645,0.029698925092816353,-0.03771904855966568,-0.040854595601558685,-0.0347147211432457,0.009718633256852627,0.028862392529845238,0.05718638747930527,0.021603384986519814,0.8012948036193848,0.9879465699195862,0.0001180769904749468,1.4006474018096924,0.5646722316741943,1.2386590242385864e-07,1.0,1.0,finetune_selection,21,10,1
24400,0.0003064680495299399,0.0261714868247509,-0.03339790552854538,-0.03192896023392677,-0.03494320809841156,0.007710942067205906,0.018992265686392784,0.03933339938521385,0.04183449596166611,0.801262617111206,0.9821295738220215,0.00010999086953233927,1.4006314277648926,0.56317138671875,1.0989606380462646e-07,1.0,1.0,finetune_selection,25,14,1
24500,0.0003807267057709396,0.023826560005545616,-0.02820752002298832,-0.02634388394653797,-0.031143326312303543,0.008821362629532814,0.02948693186044693,0.050326600670814514,0.02628525160253048,0.7994519472122192,0.9657745361328125,0.0001673302031122148,1.3997260332107544,0.5540640354156494,1.3597309589385986e-07,1.0,1.0,finetune_selection,29,18,1
24600,0.0002589545620139688,0.020360924303531647,-0.024497639387845993,-0.02380349114537239,-0.026872804388403893,0.008820961229503155,0.02358473464846611,0.028489692136645317,0.015903687104582787,0.7984854578971863,0.9833630919456482,0.00015633730799891055,1.3992427587509155,0.5613709688186646,1.0803341865539551e-07,1.0,1.0,finetune_selection,33,22,1
23900,0.002326972084119916,0.0382428802549839,-0.043660834431648254,-0.04334882274270058,-0.04528366029262543,0.01797500252723694,0.030061639845371246,0.038056645542383194,0.03724038228392601,0.7993922829627991,0.9654895067214966,0.0001014040972222574,1.3996961116790771,0.5179338455200195,1.2852251529693604e-07,1.0,1.0,finetune_refit_all,4,18,
24000,0.0007390677928924561,0.02949652448296547,-0.042560841888189316,-0.04211634770035744,-0.035943128168582916,0.011812755838036537,0.06676480919122696,0.07498594373464584,0.029299091547727585,0.7827892899513245,0.9315947890281677,1.6071982827270404e-05,1.3913946151733398,0.5539542436599731,1.1920928955078125e-07,1.0,1.0,finetune_refit_all,8,22,
24100,0.0005608025239780545,0.03908917307853699,-0.04747885465621948,-0.04741820693016052,-0.041570957750082016,0.009277877397835255,0.05858287587761879,0.06516940891742706,0.04232555255293846,0.7702757120132446,0.9476507902145386,1.2743764273182023e-05,1.3851377964019775,0.5551692843437195,1.2200325727462769e-07,1.0,1.0,finetune_refit_all,13,2,
24200,0.0004854035214520991,0.02322237379848957,-0.029726969078183174,-0.03221462666988373,-0.028503436595201492,0.009526743553578854,0.017901379615068436,0.04351816326379776,0.02465795911848545,0.7879743576049805,0.9516580104827881,9.766867151483893e-05,1.3939871788024902,0.5597985982894897,1.4062970876693726e-07,1.0,1.0,finetune_refit_all,17,6,
24300,0.0006810914492234588,0.03174951672554016,-0.03885587677359581,-0.03846835345029831,-0.04285212606191635,0.009403441101312637,0.0390067957341671,0.04724415764212608,0.02228838950395584,0.7912092804908752,0.9321100115776062,0.0001394891005475074,1.3956046104431152,0.5565259456634521,1.0896474123001099e-07,1.0,1.0,finetune_refit_all,21,10,
24400,0.0003529420355334878,0.02536832168698311,-0.036228083074092865,-0.03356477990746498,-0.03293965011835098,0.009879203513264656,0.04064308479428291,0.01600818708539009,0.01091849897056818,0.7870827913284302,0.9215972423553467,6.677350029349327e-05,1.3935414552688599,0.5559505224227905,1.2852251529693604e-07,1.0,1.0,finetune_refit_all,25,14,
24500,0.0004651035997085273,0.02425338514149189,-0.02990017831325531,-0.03204727917909622,-0.03157645836472511,0.009516405873000622,0.026235610246658325,0.020900893956422806,0.03592761605978012,0.7860724925994873,0.9006532430648804,8.07271062512882e-05,1.3930362462997437,0.5534117221832275,1.434236764907837e-07,1.0,1.0,finetune_refit_all,29,18,
24600,0.0004087511624675244,0.020993158221244812,-0.027792220935225487,-0.029045751318335533,-0.031012631952762604,0.00869099609553814,0.029774045571684837,0.02478107064962387,0.03909085690975189,0.787972092628479,0.9380241632461548,0.00015333128976635635,1.3939861059188843,0.5576127767562866,1.3504177331924438e-07,1.0,1.0,finetune_refit_all,33,22,
24700,0.0003952366241719574,0.004291558638215065,-0.010882683098316193,-0.014507141895592213,-0.016380731016397476,0.009212774224579334,0.06820838898420334,0.027219489216804504,0.015623432584106922,0.7876157760620117,0.9156297445297241,0.0001866171951405704,1.3938078880310059,0.5535125136375427,1.1175870895385742e-07,1.0,1.0,finetune_refit_all,38,2,
24800,0.0005705938092432916,0.0175031665712595,-0.022622179239988327,-0.02050548605620861,-0.032955512404441833,0.00881638191640377,0.10670579224824905,0.12634673714637756,0.04217904433608055,0.7884992361068726,0.9288775324821472,0.00013867429515812546,1.394249677658081,0.5575679540634155,1.4435499906539917e-07,1.0,1.0,finetune_refit_all,42,6,
24900,0.00022993714082986116,0.004136368166655302,-0.013061383739113808,-0.011169438250362873,-0.012280639261007309,0.008121594786643982,0.012591013684868813,0.019052201882004738,0.015700563788414,0.7966545820236206,0.8948190808296204,0.00018625706434249878,1.3983272314071655,0.550104022026062,1.210719347000122e-07,1.0,1.0,finetune_refit_all,46,10,
25000,0.0003115293220616877,0.014698178507387638,-0.023166950792074203,-0.026342585682868958,-0.022897638380527496,0.00902615487575531,0.017134137451648712,0.03808004781603813,0.02879195101559162,0.7964315414428711,0.9242147207260132,0.00024985161144286394,1.3982157707214355,0.539518415927887,1.1920928955078125e-07,1.0,1.0,finetune_refit_all,50,14,
25100,0.00037310292827896774,0.014583487994968891,-0.01968732289969921,-0.020905405282974243,-0.01745927706360817,0.0065182833932340145,0.02313065528869629,0.03761748969554901,0.05367274954915047,0.8005273342132568,0.9445990920066833,0.000147085971548222,1.400263786315918,0.5276898145675659,1.3317912817001343e-07,1.0,1.0,finetune_refit_all,54,18,
25200,0.0004001300549134612,0.008813145570456982,-0.020146530121564865,-0.019122112542390823,-0.013407925143837929,0.00655529648065567,0.06697938591241837,0.05910642445087433,0.017918523401021957,0.7971494197845459,0.9232622385025024,0.0001469290436943993,1.398574709892273,0.5310478210449219,1.126900315284729e-07,1.0,1.0,finetune_refit_all,58,22,
