contrast_id,family,method,block_length,observations,annualized_ce_difference,mean_period_crra_utility_difference,ci_lower,ci_upper,one_sided_p_candidate_greater,two_sided_p,bootstrap_replications,holm_p_candidate_greater,positive_effect_holm_0_05,confirmatory_claim_created
primary_vs_dynamic_nn_vine,frozen_primary_benchmarks,moving_block,1,22,-0.002477705912159678,-0.00015833564354756307,-0.16456856920276686,0.1511494337808535,0.501289974200516,0.9744205115897682,50000,1.0,False,False
primary_vs_equal_weight,frozen_primary_benchmarks,moving_block,1,22,0.04649011609167775,0.00303408611022313,-0.11740798375543475,0.18759124059741364,0.27647447051058976,0.5312693746125078,50000,0.8294234115317694,False,False
primary_vs_static_vine,frozen_primary_benchmarks,moving_block,1,22,-0.01496326362785183,-0.0009512016368068018,-0.16622875264133466,0.11776031400374942,0.5779884402311953,0.8268234635307293,50000,1.0,False,False
joint_visible_dependence_contribution,post_holdout_causal_components,moving_block,1,22,0.0249867274774227,0.0016593387815081009,-0.030936441497351842,0.08875350762800255,0.20423591528169435,0.4097718045639087,50000,0.4084718305633887,False,False
raw_vine_state_contribution,post_holdout_causal_components,moving_block,1,22,-0.07206402826591951,-0.004591322485597798,-0.1377746313482939,-0.019859578936750853,0.99620007599848,0.005699886002279954,50000,0.99620007599848,False,False
concentrated_synthetic_vs_full_state,post_holdout_presentation_mechanism,moving_block,1,22,0.04923653177823617,0.003137463347710731,-0.04830907972059243,0.1608627956369096,0.17095658086838264,0.34285314293714125,50000,0.17095658086838264,False,False
historical_vs_original_bootstrap,post_holdout_pretraining_sources,moving_block,1,22,0.18908216047207138,0.011442070935335785,0.06164023163152627,0.37365040289153534,0.0064598708025839485,0.007159856802863943,50000,0.0064598708025839485,True,False
concentrated_synthetic_vs_bootstrap_masked,post_holdout_terminal_pretraining_controls,moving_block,1,22,0.06538796910223565,0.004195700529425624,-0.08364471300157626,0.22524469762058236,0.18355632887342252,0.370372592548149,50000,0.36711265774684504,False,False
concentrated_synthetic_vs_historical_masked,post_holdout_terminal_pretraining_controls,moving_block,1,22,-0.012781590805198473,-0.0007935850387363431,-0.1848721525802634,0.19535173046280818,0.5463290734185317,0.8911821763564729,50000,0.5463290734185317,False,False
focused_joint_visible_dependence_contribution,retrospective_focused_mechanisms,moving_block,1,46,-0.04987039854436426,-0.00382665846899345,-0.0914414932554883,0.0007257823781880017,0.9826603467930641,0.04367912641747165,50000,1.0,False,False
focused_raw_vine_state_contribution,retrospective_focused_mechanisms,moving_block,1,46,-0.002980167927767452,-0.00023411714319936046,-0.03576377024280442,0.033378264224568535,0.5698686026279475,0.8617227655446891,50000,1.0,False,False
primary_vs_dynamic_nn_vine,frozen_primary_benchmarks,moving_block,2,22,-0.002477705912159678,-0.00015833564354756307,-0.18908331109635929,0.159121315104448,0.500989980200396,0.9770204595908082,50000,1.0,False,False
primary_vs_equal_weight,frozen_primary_benchmarks,moving_block,2,22,0.04649011609167775,0.00303408611022313,-0.08398768332432295,0.17231690105032393,0.23235535289294215,0.4548909021819564,50000,0.6970660586788264,False,False
primary_vs_static_vine,frozen_primary_benchmarks,moving_block,2,22,-0.01496326362785183,-0.0009512016368068018,-0.17681051525079874,0.12488265598834203,0.5628887422251555,0.8400431991360173,50000,1.0,False,False
joint_visible_dependence_contribution,post_holdout_causal_components,moving_block,2,22,0.0249867274774227,0.0016593387815081009,-0.031551129952340176,0.08291851493924272,0.1972560548789024,0.39293214135717286,50000,0.3945121097578048,False,False
raw_vine_state_contribution,post_holdout_causal_components,moving_block,2,22,-0.07206402826591951,-0.004591322485597798,-0.14269443050705397,-0.021261529377121113,0.992460150796984,0.007739845203095938,50000,0.992460150796984,False,False
concentrated_synthetic_vs_full_state,post_holdout_presentation_mechanism,moving_block,2,22,0.04923653177823617,0.003137463347710731,-0.0474743603344166,0.16705933376290172,0.1730365392692146,0.34209315813683727,50000,0.1730365392692146,False,False
historical_vs_original_bootstrap,post_holdout_pretraining_sources,moving_block,2,22,0.18908216047207138,0.011442070935335785,0.07079544551458423,0.3655016182689188,0.004199916001679967,0.004259914801703966,50000,0.004199916001679967,True,False
concentrated_synthetic_vs_bootstrap_masked,post_holdout_terminal_pretraining_controls,moving_block,2,22,0.06538796910223565,0.004195700529425624,-0.07278964900802914,0.24046786698106845,0.1856762864742705,0.375372492550149,50000,0.371352572948541,False,False
concentrated_synthetic_vs_historical_masked,post_holdout_terminal_pretraining_controls,moving_block,2,22,-0.012781590805198473,-0.0007935850387363431,-0.18148739648516,0.20923901507689907,0.5311493770124598,0.8934421311573768,50000,0.5311493770124598,False,False
focused_joint_visible_dependence_contribution,retrospective_focused_mechanisms,moving_block,2,46,-0.04987039854436426,-0.00382665846899345,-0.08867794703586795,-0.006643818415229234,0.9924201515969681,0.01993960120797584,50000,1.0,False,False
focused_raw_vine_state_contribution,retrospective_focused_mechanisms,moving_block,2,46,-0.002980167927767452,-0.00023411714319936046,-0.03277147027193373,0.029207851921245465,0.5763884722305553,0.8473830523389532,50000,1.0,False,False
primary_vs_dynamic_nn_vine,frozen_primary_benchmarks,moving_block,3,22,-0.002477705912159678,-0.00015833564354756307,-0.1826031796559953,0.14329865516822005,0.502029959400812,0.9743405131897362,50000,1.0,False,False
primary_vs_equal_weight,frozen_primary_benchmarks,moving_block,3,22,0.04649011609167775,0.00303408611022313,-0.09001251019885786,0.16737033446511876,0.24283514329713407,0.4631707365852683,50000,0.7285054298914022,False,False
primary_vs_static_vine,frozen_primary_benchmarks,moving_block,3,22,-0.01496326362785183,-0.0009512016368068018,-0.17587805497371753,0.11633673499662202,0.5705285894282114,0.8353232935341293,50000,1.0,False,False
joint_visible_dependence_contribution,post_holdout_causal_components,moving_block,3,22,0.0249867274774227,0.0016593387815081009,-0.029472366326272377,0.07858021695604693,0.1877762444751105,0.372912541749165,50000,0.375552488950221,False,False
raw_vine_state_contribution,post_holdout_causal_components,moving_block,3,22,-0.07206402826591951,-0.004591322485597798,-0.13665350576575297,-0.024847850318836528,0.9954800903981921,0.004619907601847963,50000,0.9954800903981921,False,False
concentrated_synthetic_vs_full_state,post_holdout_presentation_mechanism,moving_block,3,22,0.04923653177823617,0.003137463347710731,-0.05284498310133708,0.17426360484075987,0.1882162356752865,0.37807243855122896,50000,0.1882162356752865,False,False
historical_vs_original_bootstrap,post_holdout_pretraining_sources,moving_block,3,22,0.18908216047207138,0.011442070935335785,0.0720654978033987,0.3578554591709494,0.0023999520009599807,0.0023999520009599807,50000,0.0023999520009599807,True,False
concentrated_synthetic_vs_bootstrap_masked,post_holdout_terminal_pretraining_controls,moving_block,3,22,0.06538796910223565,0.004195700529425624,-0.05151443952345456,0.23513585008403287,0.16353672926541468,0.32695346093078137,50000,0.32707345853082936,False,False
concentrated_synthetic_vs_historical_masked,post_holdout_terminal_pretraining_controls,moving_block,3,22,-0.012781590805198473,-0.0007935850387363431,-0.1641184349296745,0.20700074971532956,0.5290094198116038,0.8922821543569128,50000,0.5290094198116038,False,False
focused_joint_visible_dependence_contribution,retrospective_focused_mechanisms,moving_block,3,46,-0.04987039854436426,-0.00382665846899345,-0.0901810474996006,-0.006493222344004374,0.992560148797024,0.019879602407951842,50000,1.0,False,False
focused_raw_vine_state_contribution,retrospective_focused_mechanisms,moving_block,3,46,-0.002980167927767452,-0.00023411714319936046,-0.027900926098619248,0.02308564968108834,0.5964080718385633,0.8178236435271294,50000,1.0,False,False
primary_vs_dynamic_nn_vine,frozen_primary_benchmarks,moving_block,4,22,-0.002477705912159678,-0.00015833564354756307,-0.17830777570080272,0.13325193354114162,0.5037499250015,0.9752804943901122,50000,1.0,False,False
primary_vs_equal_weight,frozen_primary_benchmarks,moving_block,4,22,0.04649011609167775,0.00303408611022313,-0.08565039982762668,0.16778179130578488,0.24789504209915803,0.4760304793904122,50000,0.7436851262974741,False,False
primary_vs_static_vine,frozen_primary_benchmarks,moving_block,4,22,-0.01496326362785183,-0.0009512016368068018,-0.16618493241650473,0.10766540047130564,0.5707885842283155,0.8262834743305134,50000,1.0,False,False
joint_visible_dependence_contribution,post_holdout_causal_components,moving_block,4,22,0.0249867274774227,0.0016593387815081009,-0.0293717174222303,0.07333670356396829,0.18211635767284653,0.3597328053438931,50000,0.36423271534569307,False,False
raw_vine_state_contribution,post_holdout_causal_components,moving_block,4,22,-0.07206402826591951,-0.004591322485597798,-0.13174735571085552,-0.025077388346749618,0.998440031199376,0.001619967600647987,50000,0.998440031199376,False,False
concentrated_synthetic_vs_full_state,post_holdout_presentation_mechanism,moving_block,4,22,0.04923653177823617,0.003137463347710731,-0.052364894849048556,0.17630869387921622,0.18923621527569448,0.376792464150717,50000,0.18923621527569448,False,False
historical_vs_original_bootstrap,post_holdout_pretraining_sources,moving_block,4,22,0.18908216047207138,0.011442070935335785,0.0816841193339565,0.3475166273235192,0.0009599808003839923,0.0009599808003839923,50000,0.0009599808003839923,True,False
concentrated_synthetic_vs_bootstrap_masked,post_holdout_terminal_pretraining_controls,moving_block,4,22,0.06538796910223565,0.004195700529425624,-0.0452128274070942,0.23812286432105548,0.15829683406331874,0.3170936581268375,50000,0.3165936681266375,False,False
concentrated_synthetic_vs_historical_masked,post_holdout_terminal_pretraining_controls,moving_block,4,22,-0.012781590805198473,-0.0007935850387363431,-0.16039693873248762,0.20293004171565565,0.5329493410131797,0.8909621807563849,50000,0.5329493410131797,False,False
focused_joint_visible_dependence_contribution,retrospective_focused_mechanisms,moving_block,4,46,-0.04987039854436426,-0.00382665846899345,-0.09024250839502937,-0.008871881072394795,0.9930801383972321,0.01601967960640787,50000,1.0,False,False
focused_raw_vine_state_contribution,retrospective_focused_mechanisms,moving_block,4,46,-0.002980167927767452,-0.00023411714319936046,-0.02832926587181169,0.0225807354069048,0.5999680006399872,0.8213435731285375,50000,1.0,False,False
primary_vs_dynamic_nn_vine,frozen_primary_benchmarks,moving_block,6,22,-0.002477705912159678,-0.00015833564354756307,-0.17453359319425568,0.11350231377785655,0.5201295974080519,0.9714805703885923,50000,1.0,False,False
primary_vs_equal_weight,frozen_primary_benchmarks,moving_block,6,22,0.04649011609167775,0.00303408611022313,-0.0878066789539125,0.17054425953191024,0.25359492810143797,0.4833703325933481,50000,0.7607847843043138,False,False
primary_vs_static_vine,frozen_primary_benchmarks,moving_block,6,22,-0.01496326362785183,-0.0009512016368068018,-0.16963414150463985,0.09646275288564765,0.5845683086338274,0.8202235955280894,50000,1.0,False,False
joint_visible_dependence_contribution,post_holdout_causal_components,moving_block,6,22,0.0249867274774227,0.0016593387815081009,-0.02017696047692496,0.0686334272176655,0.14083718325633487,0.2844343113137737,50000,0.28167436651266975,False,False
raw_vine_state_contribution,post_holdout_causal_components,moving_block,6,22,-0.07206402826591951,-0.004591322485597798,-0.1239011361228903,-0.029427214124977362,1.0,1.999960000799984e-05,50000,1.0,False,False
concentrated_synthetic_vs_full_state,post_holdout_presentation_mechanism,moving_block,6,22,0.04923653177823617,0.003137463347710731,-0.043992695460069876,0.15822281154366982,0.1634967300653987,0.3248735025299494,50000,0.1634967300653987,False,False
historical_vs_original_bootstrap,post_holdout_pretraining_sources,moving_block,6,22,0.18908216047207138,0.011442070935335785,0.09489646157763766,0.32429166556859057,1.999960000799984e-05,1.999960000799984e-05,50000,1.999960000799984e-05,True,False
concentrated_synthetic_vs_bootstrap_masked,post_holdout_terminal_pretraining_controls,moving_block,6,22,0.06538796910223565,0.004195700529425624,-0.05676723946607614,0.2508311364521115,0.18311633767324653,0.36991260174796503,50000,0.36623267534649306,False,False
concentrated_synthetic_vs_historical_masked,post_holdout_terminal_pretraining_controls,moving_block,6,22,-0.012781590805198473,-0.0007935850387363431,-0.16770070325597153,0.22457971695963377,0.5320093598128037,0.8944221115577689,50000,0.5320093598128037,False,False
focused_joint_visible_dependence_contribution,retrospective_focused_mechanisms,moving_block,6,46,-0.04987039854436426,-0.00382665846899345,-0.08852937394769739,-0.008630612121166711,0.995220095598088,0.013719725605487891,50000,1.0,False,False
focused_raw_vine_state_contribution,retrospective_focused_mechanisms,moving_block,6,46,-0.002980167927767452,-0.00023411714319936046,-0.028644123937648737,0.02248937258572866,0.6009879802403952,0.8265034699306014,50000,1.0,False,False
primary_vs_dynamic_nn_vine,frozen_primary_benchmarks,stationary,2,22,-0.002477705912159678,-0.00015833564354756307,-0.17712239100970661,0.1448898188136884,0.5040099198016039,0.9769004619907602,50000,1.0,False,False
primary_vs_equal_weight,frozen_primary_benchmarks,stationary,2,22,0.04649011609167775,0.00303408611022313,-0.09318358663239186,0.17564663560690133,0.250814983700326,0.4834703305933881,50000,0.7524449511009781,False,False
primary_vs_static_vine,frozen_primary_benchmarks,stationary,2,22,-0.01496326362785183,-0.0009512016368068018,-0.17004593879636706,0.11426453686694217,0.5705285894282114,0.8302433951320973,50000,1.0,False,False
joint_visible_dependence_contribution,post_holdout_causal_components,stationary,2,22,0.0249867274774227,0.0016593387815081009,-0.028616249092622722,0.0795804821162534,0.18225635487290254,0.36585268294634105,50000,0.3645127097458051,False,False
raw_vine_state_contribution,post_holdout_causal_components,stationary,2,22,-0.07206402826591951,-0.004591322485597798,-0.135143272941437,-0.023712336479635877,0.996680066398672,0.003899922001559969,50000,0.996680066398672,False,False
concentrated_synthetic_vs_full_state,post_holdout_presentation_mechanism,stationary,2,22,0.04923653177823617,0.003137463347710731,-0.04831323495201373,0.1668439120283349,0.1745965080698386,0.3491330173396532,50000,0.1745965080698386,False,False
historical_vs_original_bootstrap,post_holdout_pretraining_sources,stationary,2,22,0.18908216047207138,0.011442070935335785,0.07457109210742817,0.360881949327648,0.0029799404011919763,0.0031599368012639748,50000,0.0029799404011919763,True,False
concentrated_synthetic_vs_bootstrap_masked,post_holdout_terminal_pretraining_controls,stationary,2,22,0.06538796910223565,0.004195700529425624,-0.06483336372123948,0.23490393760812922,0.17659646807063858,0.35269294614107716,50000,0.35319293614127717,False,False
concentrated_synthetic_vs_historical_masked,post_holdout_terminal_pretraining_controls,stationary,2,22,-0.012781590805198473,-0.0007935850387363431,-0.17503962515490112,0.20550751594251684,0.5358892822143557,0.8916221675566489,50000,0.5358892822143557,False,False
focused_joint_visible_dependence_contribution,retrospective_focused_mechanisms,stationary,2,46,-0.04987039854436426,-0.00382665846899345,-0.09018746731522698,-0.005870619738639239,0.990720185596288,0.023659526809463812,50000,1.0,False,False
focused_raw_vine_state_contribution,retrospective_focused_mechanisms,stationary,2,46,-0.002980167927767452,-0.00023411714319936046,-0.03145892477997833,0.02796643893206576,0.5832483350332993,0.8459430811383772,50000,1.0,False,False
primary_vs_dynamic_nn_vine,frozen_primary_benchmarks,stationary,3,22,-0.002477705912159678,-0.00015833564354756307,-0.17467592172436178,0.13295345512574516,0.504889902201956,0.9735405291894162,50000,1.0,False,False
primary_vs_equal_weight,frozen_primary_benchmarks,stationary,3,22,0.04649011609167775,0.00303408611022313,-0.08544806862586811,0.16977752754885697,0.24541509169816603,0.4750504989900202,50000,0.7362452750944981,False,False
primary_vs_static_vine,frozen_primary_benchmarks,stationary,3,22,-0.01496326362785183,-0.0009512016368068018,-0.1690461723951537,0.10796585627286404,0.5750684986300274,0.8258634827303454,50000,1.0,False,False
joint_visible_dependence_contribution,post_holdout_causal_components,stationary,3,22,0.0249867274774227,0.0016593387815081009,-0.025760040625587493,0.074885929097139,0.1639167216655667,0.32873342533149336,50000,0.3278334433311334,False,False
raw_vine_state_contribution,post_holdout_causal_components,stationary,3,22,-0.07206402826591951,-0.004591322485597798,-0.1302427876170387,-0.02722668045741916,0.9983400331993361,0.0018199636007279855,50000,0.9983400331993361,False,False
concentrated_synthetic_vs_full_state,post_holdout_presentation_mechanism,stationary,3,22,0.04923653177823617,0.003137463347710731,-0.0429998369976994,0.16053273463983525,0.15955680886382273,0.31803363932721346,50000,0.15955680886382273,False,False
historical_vs_original_bootstrap,post_holdout_pretraining_sources,stationary,3,22,0.18908216047207138,0.011442070935335785,0.0821721091525914,0.345445875077927,0.00125997480050399,0.00125997480050399,50000,0.00125997480050399,True,False
concentrated_synthetic_vs_bootstrap_masked,post_holdout_terminal_pretraining_controls,stationary,3,22,0.06538796910223565,0.004195700529425624,-0.05743847929608177,0.2348758990815054,0.16971660566788666,0.3464930701385972,50000,0.3394332113357733,False,False
concentrated_synthetic_vs_historical_masked,post_holdout_terminal_pretraining_controls,stationary,3,22,-0.012781590805198473,-0.0007935850387363431,-0.16851873517785576,0.20643438298196706,0.5340493190136197,0.8933021339573208,50000,0.5340493190136197,False,False
focused_joint_visible_dependence_contribution,retrospective_focused_mechanisms,stationary,3,46,-0.04987039854436426,-0.00382665846899345,-0.08882812202822465,-0.007253791731031082,0.9942401151976961,0.01773964520709586,50000,1.0,False,False
focused_raw_vine_state_contribution,retrospective_focused_mechanisms,stationary,3,46,-0.002980167927767452,-0.00023411714319936046,-0.029768096318551658,0.02547380884971966,0.5879082418351633,0.8364032719345613,50000,1.0,False,False
primary_vs_dynamic_nn_vine,frozen_primary_benchmarks,stationary,6,22,-0.002477705912159678,-0.00015833564354756307,-0.15646263965528637,0.1172674324106057,0.5247495050098998,0.9419611607767845,50000,1.0,False,False
primary_vs_equal_weight,frozen_primary_benchmarks,stationary,6,22,0.04649011609167775,0.00303408611022313,-0.07183545958728942,0.16210069490227508,0.21723565528689426,0.4259514809703806,50000,0.6517069658606828,False,False
primary_vs_static_vine,frozen_primary_benchmarks,stationary,6,22,-0.01496326362785183,-0.0009512016368068018,-0.15400053536234976,0.09379858405308404,0.6062078758424831,0.7823443531129377,50000,1.0,False,False
joint_visible_dependence_contribution,post_holdout_causal_components,stationary,6,22,0.0249867274774227,0.0016593387815081009,-0.01679854343659048,0.0658385722818257,0.11425771484570309,0.23027539449211015,50000,0.22851542969140617,False,False
raw_vine_state_contribution,post_holdout_causal_components,stationary,6,22,-0.07206402826591951,-0.004591322485597798,-0.11848445120816893,-0.03477588341942158,0.999740005199896,0.0002999940001199976,50000,0.999740005199896,False,False
concentrated_synthetic_vs_full_state,post_holdout_presentation_mechanism,stationary,6,22,0.04923653177823617,0.003137463347710731,-0.028766532912239916,0.14165310379321738,0.11175776484470311,0.21931561368772626,50000,0.11175776484470311,False,False
historical_vs_original_bootstrap,post_holdout_pretraining_sources,stationary,6,22,0.18908216047207138,0.011442070935335785,0.09801727679518014,0.31383128827535467,0.0002799944001119978,0.0002799944001119978,50000,0.0002799944001119978,True,False
concentrated_synthetic_vs_bootstrap_masked,post_holdout_terminal_pretraining_controls,stationary,6,22,0.06538796910223565,0.004195700529425624,-0.048771342551025026,0.21995024282093403,0.15377692446151078,0.31729365412691746,50000,0.30755384892302157,False,False
concentrated_synthetic_vs_historical_masked,post_holdout_terminal_pretraining_controls,stationary,6,22,-0.012781590805198473,-0.0007935850387363431,-0.16036804821336406,0.1896929482393536,0.5680286394272115,0.8540829183416332,50000,0.5680286394272115,False,False
focused_joint_visible_dependence_contribution,retrospective_focused_mechanisms,stationary,6,46,-0.04987039854436426,-0.00382665846899345,-0.08607245111957326,-0.01101503665928742,0.997140057198856,0.009739805203895922,50000,1.0,False,False
focused_raw_vine_state_contribution,retrospective_focused_mechanisms,stationary,6,46,-0.002980167927767452,-0.00023411714319936046,-0.02839404454558358,0.02358485778063902,0.5956680866382672,0.8282834343313134,50000,1.0,False,False
primary_vs_dynamic_nn_vine,frozen_primary_benchmarks,stationary,12,22,-0.002477705912159678,-0.00015833564354756307,-0.13695492726284234,0.10133797526127833,0.6013679726405472,0.7968440631187377,50000,1.0,False,False
primary_vs_equal_weight,frozen_primary_benchmarks,stationary,12,22,0.04649011609167775,0.00303408611022313,-0.05325929825969067,0.15221436021193746,0.15903681926361474,0.3153736925261495,50000,0.4771104577908442,False,False
primary_vs_static_vine,frozen_primary_benchmarks,stationary,12,22,-0.01496326362785183,-0.0009512016368068018,-0.13829410504324485,0.08059779332017729,0.6792864142717145,0.6407471850562989,50000,1.0,False,False
joint_visible_dependence_contribution,post_holdout_causal_components,stationary,12,22,0.0249867274774227,0.0016593387815081009,-0.009311937225123072,0.05900166216658419,0.06823863522729545,0.13931721365572688,50000,0.1364772704545909,False,False
raw_vine_state_contribution,post_holdout_causal_components,stationary,12,22,-0.07206402826591951,-0.004591322485597798,-0.10907941263214357,-0.04086337847987067,0.999940001199976,7.999840003199936e-05,50000,0.999940001199976,False,False
concentrated_synthetic_vs_full_state,post_holdout_presentation_mechanism,stationary,12,22,0.04923653177823617,0.003137463347710731,-0.01605697992410615,0.12298930301915247,0.06379872402551949,0.12837743245135097,50000,0.06379872402551949,False,False
historical_vs_original_bootstrap,post_holdout_pretraining_sources,stationary,12,22,0.18908216047207138,0.011442070935335785,0.11148406554443323,0.28670128291925995,3.999920001599968e-05,3.999920001599968e-05,50000,3.999920001599968e-05,True,False
concentrated_synthetic_vs_bootstrap_masked,post_holdout_terminal_pretraining_controls,stationary,12,22,0.06538796910223565,0.004195700529425624,-0.03640356156721847,0.1960165364810281,0.1139377212455751,0.2356152876942461,50000,0.2278754424911502,False,False
concentrated_synthetic_vs_historical_masked,post_holdout_terminal_pretraining_controls,stationary,12,22,-0.012781590805198473,-0.0007935850387363431,-0.14911936477459342,0.15646917176787034,0.6491270174596508,0.6936061278774425,50000,0.6491270174596508,False,False
focused_joint_visible_dependence_contribution,retrospective_focused_mechanisms,stationary,12,46,-0.04987039854436426,-0.00382665846899345,-0.0831178346015491,-0.015135141520027779,0.99890002199956,0.004059918801623968,50000,1.0,False,False
focused_raw_vine_state_contribution,retrospective_focused_mechanisms,stationary,12,46,-0.002980167927767452,-0.00023411714319936046,-0.02611017752030386,0.022087692482743632,0.6084678306433872,0.7921441571168577,50000,1.0,False,False
